id_estudiante,nombre,apellido,edad,sexo,ciudad,fecha_registro
1,Lucía,Torrents,28,M,Granada,2023-11-10
2,Cayetana,Belda,18,F,Soria,2022-09-19
3,Noé,Ayala,21,M,Cádiz,2025-01-02
4,Hernán,Zamorano,20,M,Pontevedra,2022-06-15
5,Conrado,Busquets,28,M,Las Palmas,2024-07-25
6,Nazaret,Olmo,27,F,Pontevedra,2024-10-19
7,Adriana,Cabeza,18,M,Pontevedra,2025-01-15
8,Lupe,Posada,19,M,Toledo,2022-10-29
9,Flavia,Herranz,21,M,Cádiz,2024-07-19
10,Natalia,Almazán,26,M,Álava,2023-04-22
11,Luisa,Jurado,29,F,Toledo,2024-04-06
12,Fanny,Angulo,21,F,Salamanca,2024-07-29
13,Dalila,Borrego,27,F,Burgos,2023-02-09
14,Amílcar,Vazquez,30,M,Barcelona,2024-06-30
15,Pastor,Uribe,30,M,Burgos,2024-09-26
16,Manolo,Coloma,29,F,Badajoz,2024-06-29
17,Maristela,Santiago,23,F,Sevilla,2022-10-28
18,Ruperta,Osuna,20,M,Soria,2023-04-19
19,Aurelio,Polo,30,F,Lleida,2024-02-25
20,Ligia,Nuñez,19,M,Albacete,2023-12-27
21,José,Cañete,24,M,La Rioja,2022-06-22
22,Marc,Bayona,23,F,Zaragoza,2025-04-02
23,Águeda,López,27,F,Melilla,2023-10-09
24,Clímaco,Canales,30,M,Cantabria,2022-12-19
25,Armando,Aparicio,29,F,Cuenca,2024-12-18
26,Amada,Ballesteros,26,M,Ceuta,2025-01-18
27,Víctor,Ramos,24,M,Huesca,2024-08-12
28,Rosenda,Castell,26,F,Barcelona,2025-04-15
29,Teodoro,Avilés,28,F,Girona,2023-04-25
30,Amaya,Sáez,27,M,Álava,2024-10-08
31,Victor,Ledesma,29,M,Castellón,2022-10-21
32,Guadalupe,Goñi,18,M,Ceuta,2023-11-10
33,Desiderio,Collado,30,F,Asturias,2024-12-04
34,Zaira,Alcaraz,19,M,Huelva,2024-02-28
35,Noa,Alcalde,19,F,Vizcaya,2024-05-03
36,Prudencio,Posada,22,F,Pontevedra,2023-09-17
37,Fabián,Roldán,28,F,Ourense,2022-05-16
38,Telmo,Ribas,20,F,Alicante,2023-04-22
39,Valero,Flores,23,M,Ourense,2024-03-24
40,Juliana,Marín,28,F,Huesca,2023-08-27
41,Miriam,Sales,29,M,Teruel,2023-06-11
42,Andrés Felipe,Macias,27,M,Ceuta,2022-07-28
43,Gracia,Sobrino,26,M,Ávila,2023-09-11
44,Dulce,Anguita,20,F,Pontevedra,2023-05-11
45,Jose Ignacio,Vaquero,24,F,Segovia,2022-09-24
46,Iris,Peral,28,M,Palencia,2024-12-08
47,Simón,Ruiz,28,F,Barcelona,2024-11-16
48,Édgar,Báez,30,M,Huesca,2024-07-12
49,Isidora,Marco,21,M,La Rioja,2022-07-16
50,Alcides,Perez,30,F,Lugo,2023-07-22
51,Elvira,Herrera,24,F,Málaga,2024-06-25
52,Rocío,Lara,19,M,Valencia,2023-09-23
53,Juanito,Arias,27,F,Guadalajara,2024-12-26
54,Adalberto,Morell,21,F,Málaga,2023-07-16
55,Hernando,Espinosa,24,F,Murcia,2024-08-08
56,Perla,Rosa,20,F,Tarragona,2024-03-09
57,Manuelita,Aznar,20,M,Sevilla,2022-09-22
58,Alicia,Poza,29,F,Melilla,2023-12-16
59,Diego,Ruano,29,F,Granada,2023-02-04
60,Serafina,Llabrés,27,F,Guadalajara,2025-03-25
61,Encarnacion,Taboada,23,M,La Coruña,2023-11-05
62,Manolo,Barberá,20,F,Álava,2024-10-29
63,Gema,Navarrete,19,M,Córdoba,2025-05-10
64,Nieves,Almagro,19,M,Almería,2024-11-06
65,Juan Francisco,Machado,28,M,Salamanca,2023-12-14
66,Remedios,Garrido,30,F,Alicante,2022-10-05
67,Gerónimo,Piñol,27,M,Córdoba,2023-12-15
68,Julieta,Barbero,24,F,Huesca,2024-07-14
69,Nydia,Gallart,27,F,Huesca,2023-07-07
70,Felicidad,Cuéllar,26,F,Alicante,2023-05-05
71,Teodosio,Sans,26,M,Toledo,2024-08-21
72,Juana,Alberdi,28,M,Navarra,2023-05-07
73,Sarita,Gutiérrez,28,F,Ávila,2024-03-19
74,Emma,Moraleda,30,F,Córdoba,2022-06-01
75,Maxi,Albero,19,F,Guadalajara,2023-05-14
76,Adrián,Arnal,24,M,Lugo,2024-12-29
77,Albina,Olmo,25,M,Asturias,2022-12-20
78,Asunción,Godoy,29,F,Almería,2024-03-07
79,Isidora,Espinosa,26,M,Lugo,2024-11-01
80,Elena,Colomer,26,M,Huesca,2024-07-26
81,Fortunato,Mayo,28,F,Toledo,2025-03-12
82,Ágata,Parra,28,M,Teruel,2024-02-20
83,Ariel,Roman,20,F,Salamanca,2024-10-25
84,Fernando,Borrego,30,M,Asturias,2024-06-14
85,Urbano,Ureña,26,M,Santa Cruz de Tenerife,2023-05-01
86,Aurelio,Salcedo,27,F,Álava,2024-07-23
87,Isa,Giménez,25,M,Melilla,2024-01-21
88,Nadia,Mosquera,19,F,Barcelona,2023-09-05
89,Lino,Amigó,30,F,Soria,2023-05-17
90,Cleto,Alcalá,21,M,Jaén,2023-11-27
91,Caridad,Castillo,21,M,Guadalajara,2023-03-11
92,Roldán,Fortuny,19,F,Salamanca,2023-05-14
93,Chus,Caballero,19,M,Teruel,2024-01-04
94,Jessica,Mancebo,20,F,Tarragona,2022-10-19
95,Reyes,Pedraza,26,M,Vizcaya,2023-01-06
96,Atilio,Cáceres,22,F,Girona,2023-07-05
97,Eugenia,Quiroga,21,M,Huesca,2023-12-08
98,Diana,Abril,29,F,Teruel,2025-01-14
99,Pepito,Robledo,24,F,Navarra,2024-12-26
100,Ambrosio,Hernández,25,F,Teruel,2024-07-28
