id_estudiante,id_asignatura,nota,convocatoria,fecha_examen
1.0,20.0,6.9,Ordinaria,2024-03-19
1.0,5.0,5.6,Ordinaria,2024-11-24
1.0,11.0,2.2,Ordinaria,2024-07-02
2.0,9.0,9.9,Ordinaria,2024-04-06
2.0,2.0,8.7,Extraordinaria,2024-07-10
3.0,13.0,8.9,Ordinaria,2024-07-19
3.0,16.0,4.8,Extraordinaria,2023-08-10
4.0,6.0,9.0,Ordinaria,2024-03-31
4.0,20.0,1.3,Extraordinaria,2024-11-12
5.0,17.0,9.8,Extraordinaria,2024-03-09
5.0,29.0,6.9,Extraordinaria,2024-06-09
6.0,5.0,6.2,Extraordinaria,2024-03-14
6.0,1.0,5.9,Extraordinaria,2025-04-01
6.0,11.0,5.2,Ordinaria,2024-12-04
7.0,3.0,9.1,Extraordinaria,2024-05-14
7.0,27.0,5.4,Ordinaria,2024-02-26
8.0,16.0,7.9,Ordinaria,2024-05-20
8.0,27.0,2.4,Ordinaria,2025-03-30
9.0,4.0,4.9,Ordinaria,2025-03-07
9.0,27.0,9.2,Extraordinaria,2023-08-25
9.0,12.0,9.4,Ordinaria,2023-10-10
10.0,19.0,6.4,Extraordinaria,2023-11-07
10.0,10.0,5.1,Extraordinaria,2024-07-22
11.0,14.0,8.5,Ordinaria,2024-07-22
11.0,11.0,7.2,Extraordinaria,2024-02-15
12.0,19.0,5.9,Extraordinaria,2025-05-09
12.0,13.0,8.4,Ordinaria,2024-06-08
13.0,11.0,0.4,Extraordinaria,2024-08-06
14.0,17.0,4.6,Ordinaria,2024-12-13
14.0,30.0,8.8,Ordinaria,2023-05-19
14.0,2.0,0.9,Ordinaria,2025-01-19
15.0,10.0,7.0,Ordinaria,2025-01-16
15.0,1.0,5.9,Extraordinaria,2024-12-28
16.0,8.0,9.4,Ordinaria,2024-12-23
17.0,11.0,6.7,Extraordinaria,2024-02-15
17.0,27.0,2.7,Ordinaria,2024-02-22
17.0,16.0,0.7,Extraordinaria,2023-06-30
18.0,19.0,6.1,Extraordinaria,2024-11-16
18.0,26.0,2.2,Extraordinaria,2024-11-25
19.0,10.0,9.7,Ordinaria,2023-07-15
19.0,17.0,10.0,Ordinaria,2023-07-10
19.0,27.0,4.2,Ordinaria,2023-11-10
20.0,5.0,9.2,Ordinaria,2025-01-31
21.0,17.0,4.6,Ordinaria,2023-07-01
21.0,26.0,9.5,Extraordinaria,2023-08-05
21.0,25.0,2.7,Extraordinaria,2024-02-01
22.0,4.0,9.3,Ordinaria,2023-06-09
22.0,8.0,6.4,Ordinaria,2024-02-04
22.0,3.0,5.3,Extraordinaria,2024-01-17
23.0,3.0,4.0,Ordinaria,2023-11-27
23.0,8.0,9.6,Extraordinaria,2025-02-27
23.0,5.0,4.8,Ordinaria,2024-07-29
24.0,21.0,1.3,Ordinaria,2025-03-05
24.0,14.0,2.6,Extraordinaria,2025-05-01
24.0,12.0,3.8,Ordinaria,2024-06-11
25.0,9.0,3.2,Extraordinaria,2023-12-09
25.0,18.0,2.4,Extraordinaria,2025-01-10
26.0,10.0,5.0,Ordinaria,2024-05-25
26.0,1.0,1.1,Extraordinaria,2023-12-22
26.0,6.0,8.8,Ordinaria,2024-11-12
27.0,21.0,8.7,Ordinaria,2024-07-19
27.0,23.0,2.6,Ordinaria,2023-10-10
27.0,4.0,8.3,Extraordinaria,2024-06-05
28.0,25.0,6.9,Ordinaria,2025-05-11
28.0,1.0,0.5,Ordinaria,2025-04-10
29.0,13.0,9.4,Extraordinaria,2024-07-19
29.0,28.0,1.5,Extraordinaria,2023-06-27
29.0,18.0,1.3,Extraordinaria,2024-03-01
30.0,30.0,7.5,Ordinaria,2025-05-09
30.0,13.0,5.8,Extraordinaria,2023-12-31
31.0,27.0,7.7,Extraordinaria,2023-07-12
31.0,12.0,4.3,Extraordinaria,2023-09-26
31.0,21.0,5.4,Ordinaria,2024-03-05
32.0,19.0,5.8,Ordinaria,2023-06-28
32.0,4.0,4.6,Ordinaria,2025-01-18
32.0,26.0,6.9,Ordinaria,1999-03-08
33.0,13.0,4.5,Ordinaria,2024-03-15
33.0,17.0,0.5,Extraordinaria,2024-12-31
34.0,20.0,9.8,Ordinaria,2025-05-13
34.0,16.0,6.0,Ordinaria,2025-05-03
34.0,3.0,5.7,Ordinaria,2023-06-07
35.0,3.0,1.4,Ordinaria,2024-10-01
35.0,21.0,1.4,Ordinaria,2025-01-02
37.0,24.0,10.0,Ordinaria,2024-04-07
37.0,11.0,6.7,Extraordinaria,2024-08-29
38.0,16.0,0.0,Extraordinaria,2023-08-26
38.0,15.0,8.8,Ordinaria,2024-03-06
39.0,17.0,2.9,Ordinaria,2023-07-12
39.0,11.0,0.2,Extraordinaria,2023-08-30
40.0,17.0,9.8,Ordinaria,2024-07-19
40.0,30.0,1.4,Extraordinaria,2023-10-05
41.0,18.0,5.8,Extraordinaria,2023-10-24
41.0,24.0,0.3,Extraordinaria,2024-07-29
42.0,11.0,4.7,Extraordinaria,2024-01-22
42.0,9.0,0.2,Ordinaria,2024-01-02
42.0,3.0,8.1,Extraordinaria,2023-11-05
43.0,16.0,0.9,Ordinaria,2023-07-14
43.0,28.0,3.5,Extraordinaria,2024-03-31
44.0,2.0,9.8,Ordinaria,2023-06-11
44.0,21.0,4.7,Ordinaria,2024-04-24
44.0,10.0,5.3,Ordinaria,2024-06-15
45.0,28.0,5.4,Extraordinaria,2024-06-06
45.0,27.0,3.8,Ordinaria,2023-06-22
45.0,19.0,4.8,Ordinaria,2000-04-26
46.0,13.0,5.1,Ordinaria,2023-05-21
46.0,30.0,3.2,Extraordinaria,2024-02-29
47.0,19.0,7.6,Ordinaria,2025-04-14
47.0,17.0,1.4,Ordinaria,2025-04-07
48.0,12.0,9.0,Extraordinaria,2025-04-05
48.0,4.0,2.1,Ordinaria,2023-12-26
49.0,8.0,5.3,Extraordinaria,2024-11-15
49.0,14.0,7.6,Ordinaria,2023-07-26
49.0,7.0,2.7,Extraordinaria,2024-04-08
50.0,25.0,2.4,Extraordinaria,2025-02-01
50.0,5.0,8.8,Extraordinaria,2024-09-18
50.0,28.0,3.7,Ordinaria,2023-09-30
51.0,15.0,4.7,Extraordinaria,2024-10-24
51.0,9.0,2.5,Ordinaria,2023-07-25
51.0,10.0,6.1,Ordinaria,2024-01-18
52.0,4.0,9.3,Ordinaria,2023-11-02
52.0,24.0,7.9,Extraordinaria,2023-12-22
53.0,20.0,9.7,Ordinaria,2024-05-10
53.0,18.0,2.9,Extraordinaria,2024-08-04
53.0,16.0,8.2,Ordinaria,2023-10-15
54.0,7.0,0.6,Extraordinaria,2024-03-19
54.0,8.0,8.8,Ordinaria,2023-09-02
55.0,18.0,9.5,Extraordinaria,2023-08-21
55.0,4.0,8.0,Ordinaria,2023-10-18
55.0,10.0,1.5,Ordinaria,2024-11-09
56.0,2.0,0.9,Ordinaria,2024-07-06
56.0,17.0,2.9,Ordinaria,2025-01-19
56.0,24.0,2.3,Ordinaria,2025-03-12
57.0,24.0,6.9,Extraordinaria,2023-07-31
57.0,8.0,6.8,Extraordinaria,1996-10-08
58.0,24.0,4.9,Ordinaria,2024-12-24
58.0,1.0,10.0,Extraordinaria,2024-09-18
58.0,18.0,2.9,Extraordinaria,2024-08-22
59.0,22.0,7.4,Extraordinaria,2023-09-22
59.0,11.0,7.4,Ordinaria,2024-05-26
59.0,27.0,0.9,Ordinaria,1995-09-05
60.0,5.0,1.9,Extraordinaria,2023-10-19
60.0,24.0,9.7,Ordinaria,2023-07-23
60.0,16.0,4.1,Extraordinaria,2025-03-20
61.0,8.0,7.2,Extraordinaria,2023-11-28
61.0,2.0,1.6,Extraordinaria,2023-12-07
61.0,23.0,9.2,Ordinaria,2023-12-25
62.0,12.0,6.6,Ordinaria,2023-06-16
62.0,25.0,9.2,Extraordinaria,2024-08-14
62.0,29.0,9.4,Extraordinaria,2024-07-08
63.0,24.0,9.0,Ordinaria,2023-09-13
63.0,26.0,6.9,Extraordinaria,2023-06-04
64.0,1.0,2.4,Extraordinaria,1999-11-07
64.0,14.0,0.0,Ordinaria,2025-03-04
64.0,16.0,8.4,Ordinaria,2023-07-08
65.0,11.0,4.7,Extraordinaria,2023-10-11
65.0,10.0,0.0,Ordinaria,2024-11-26
65.0,15.0,7.4,Ordinaria,2025-02-06
66.0,26.0,2.1,Extraordinaria,2025-04-24
66.0,13.0,9.3,Ordinaria,2025-03-15
67.0,22.0,5.1,Extraordinaria,2024-07-19
67.0,17.0,7.7,Extraordinaria,2024-08-21
67.0,15.0,9.3,Extraordinaria,2024-11-26
68.0,20.0,5.5,Extraordinaria,2024-01-01
68.0,8.0,4.1,Extraordinaria,2024-05-07
69.0,11.0,8.6,Ordinaria,2025-03-23
69.0,5.0,0.5,Extraordinaria,2024-05-21
70.0,25.0,8.9,Ordinaria,2024-03-21
70.0,23.0,7.8,Ordinaria,2023-06-10
70.0,17.0,8.3,Ordinaria,2024-03-02
71.0,25.0,2.8,Extraordinaria,2024-11-15
71.0,19.0,1.7,Extraordinaria,2024-01-14
71.0,23.0,2.3,Ordinaria,2025-03-18
72.0,11.0,1.9,Extraordinaria,2023-06-11
73.0,17.0,0.6,Extraordinaria,2023-10-21
73.0,3.0,9.5,Ordinaria,2024-04-08
73.0,6.0,6.1,Extraordinaria,2023-12-21
74.0,25.0,7.2,Ordinaria,2025-01-14
74.0,29.0,5.6,Ordinaria,2024-10-10
74.0,22.0,9.5,Extraordinaria,2024-09-22
75.0,2.0,4.5,Ordinaria,2025-01-07
75.0,22.0,2.9,Ordinaria,2025-05-06
76.0,22.0,8.0,Extraordinaria,2023-06-09
76.0,27.0,4.7,Extraordinaria,2025-01-20
76.0,28.0,6.4,Extraordinaria,2024-08-29
77.0,26.0,8.2,Extraordinaria,2023-08-27
78.0,30.0,4.1,Ordinaria,2025-03-06
78.0,15.0,7.6,Ordinaria,2024-07-05
79.0,23.0,4.2,Ordinaria,2023-08-31
79.0,10.0,4.4,Ordinaria,2023-05-17
79.0,4.0,0.8,Ordinaria,2025-03-30
80.0,25.0,0.8,Ordinaria,2024-08-21
80.0,2.0,8.1,Extraordinaria,2023-06-18
81.0,13.0,3.6,Ordinaria,2024-05-20
81.0,22.0,1.0,Extraordinaria,2023-06-13
81.0,20.0,9.4,Ordinaria,2024-01-02
82.0,25.0,2.7,Ordinaria,2025-01-25
82.0,10.0,2.0,Extraordinaria,2024-04-11
82.0,27.0,2.4,Ordinaria,2025-05-09
83.0,8.0,5.0,Ordinaria,2024-07-04
83.0,9.0,1.3,Ordinaria,2024-04-21
83.0,1.0,7.4,Ordinaria,2024-07-04
84.0,4.0,6.3,Extraordinaria,2001-09-24
84.0,2.0,7.8,Ordinaria,2024-06-16
85.0,23.0,2.4,Ordinaria,2023-09-22
86.0,9.0,3.7,Extraordinaria,2025-04-06
86.0,19.0,5.8,Extraordinaria,2024-04-25
87.0,27.0,1.4,Ordinaria,2024-01-02
87.0,21.0,7.0,Extraordinaria,2024-03-05
87.0,28.0,4.0,Ordinaria,2025-01-11
88.0,12.0,3.2,Ordinaria,2023-08-10
88.0,14.0,8.4,Extraordinaria,2024-04-28
88.0,6.0,10.0,Extraordinaria,2024-12-01
89.0,3.0,2.9,Ordinaria,2024-07-09
89.0,22.0,8.5,Ordinaria,2023-05-20
89.0,29.0,7.4,Ordinaria,2024-07-03
90.0,23.0,9.4,Ordinaria,2023-06-18
90.0,5.0,8.7,Ordinaria,2025-01-21
90.0,24.0,6.0,Ordinaria,2023-06-13
91.0,7.0,9.4,Extraordinaria,2023-09-10
92.0,26.0,8.9,Extraordinaria,2024-03-20
92.0,21.0,7.5,Extraordinaria,2023-11-11
92.0,23.0,3.7,Ordinaria,2024-12-06
93.0,1.0,2.0,Extraordinaria,2024-08-19
93.0,20.0,7.8,Ordinaria,2023-12-29
93.0,23.0,0.5,Extraordinaria,2024-06-22
94.0,27.0,0.5,Ordinaria,2023-06-19
94.0,7.0,2.9,Ordinaria,2024-09-12
94.0,22.0,6.5,Extraordinaria,2024-05-14
95.0,18.0,2.1,Ordinaria,2025-01-11
95.0,7.0,7.9,Ordinaria,2024-10-22
95.0,4.0,9.7,Extraordinaria,2025-01-06
96.0,1.0,2.9,Ordinaria,2025-04-06
96.0,7.0,7.1,Ordinaria,2023-07-01
96.0,2.0,3.4,Ordinaria,2024-11-20
97.0,15.0,4.2,Extraordinaria,2025-01-07
97.0,21.0,1.5,Extraordinaria,2024-07-08
97.0,8.0,5.4,Extraordinaria,2024-03-06
98.0,4.0,5.0,Extraordinaria,2024-06-11
98.0,10.0,8.9,Extraordinaria,2023-11-26
98.0,17.0,5.6,Ordinaria,2024-12-12
99.0,12.0,0.0,Extraordinaria,2025-05-05
100.0,30.0,0.3,Extraordinaria,2024-01-12
100.0,2.0,7.5,Ordinaria,2025-02-27
101.0,5.0,6.0,Extraordinaria,2025-02-12
101.0,26.0,7.7,Extraordinaria,2025-03-25
101.0,20.0,7.2,Extraordinaria,2024-04-14
102.0,10.0,4.3,Extraordinaria,2024-11-19
102.0,21.0,2.0,Extraordinaria,2024-09-22
102.0,9.0,7.6,Ordinaria,2023-12-28
103.0,14.0,9.1,Ordinaria,2025-04-06
103.0,8.0,6.3,Extraordinaria,2024-12-31
103.0,25.0,5.8,Extraordinaria,2024-10-30
104.0,20.0,8.0,Extraordinaria,2023-06-28
104.0,2.0,4.3,Extraordinaria,2023-09-17
104.0,25.0,2.9,Ordinaria,2024-06-17
105.0,1.0,6.8,Ordinaria,2023-05-23
105.0,10.0,9.9,Ordinaria,2024-11-10
105.0,19.0,0.3,Ordinaria,2024-06-27
106.0,28.0,0.3,Extraordinaria,2025-03-12
106.0,22.0,2.9,Ordinaria,2023-08-24
107.0,4.0,8.2,Extraordinaria,2023-11-29
107.0,6.0,2.4,Extraordinaria,2023-10-26
107.0,5.0,6.0,Extraordinaria,2025-02-15
108.0,22.0,5.9,Ordinaria,2025-05-08
108.0,7.0,3.8,Ordinaria,2025-04-21
108.0,17.0,3.6,Ordinaria,2024-07-13
109.0,30.0,9.3,Ordinaria,2025-05-11
109.0,3.0,8.8,Ordinaria,2023-07-22
110.0,24.0,4.3,Ordinaria,2024-06-20
110.0,21.0,7.3,Ordinaria,2024-09-25
111.0,9.0,5.3,Extraordinaria,2023-06-05
112.0,6.0,7.0,Ordinaria,2024-03-04
113.0,15.0,2.9,Ordinaria,2023-07-09
113.0,23.0,0.0,Extraordinaria,2023-08-27
113.0,28.0,7.2,Ordinaria,2024-05-04
114.0,15.0,2.8,Ordinaria,2023-08-03
114.0,17.0,3.7,Ordinaria,2024-01-15
114.0,21.0,1.4,Ordinaria,2023-12-19
115.0,27.0,1.3,Ordinaria,2024-11-19
115.0,13.0,3.1,Ordinaria,2023-07-21
115.0,18.0,9.5,Extraordinaria,2025-04-08
116.0,19.0,1.6,Extraordinaria,2025-01-24
116.0,2.0,3.1,Extraordinaria,2023-06-30
116.0,17.0,7.5,Ordinaria,2023-05-28
117.0,9.0,6.3,Extraordinaria,2023-07-22
117.0,8.0,1.1,Extraordinaria,2023-06-24
117.0,6.0,6.5,Ordinaria,2024-06-06
118.0,26.0,8.0,Ordinaria,2023-06-07
119.0,13.0,5.8,Ordinaria,2025-02-13
119.0,1.0,3.2,Ordinaria,2024-07-12
120.0,3.0,9.2,Extraordinaria,2023-07-22
121.0,29.0,9.3,Extraordinaria,2023-12-23
121.0,12.0,1.5,Extraordinaria,2024-12-16
121.0,23.0,1.1,Ordinaria,2024-06-20
122.0,21.0,8.6,Ordinaria,2024-07-23
122.0,11.0,3.5,Ordinaria,2023-09-26
122.0,10.0,7.7,Ordinaria,2025-05-15
123.0,4.0,1.7,Extraordinaria,2024-08-28
123.0,23.0,2.9,Extraordinaria,2024-11-22
123.0,9.0,8.4,Ordinaria,2025-03-01
124.0,30.0,9.6,Ordinaria,2023-07-23
124.0,10.0,9.9,Extraordinaria,2025-03-21
124.0,22.0,0.0,Ordinaria,2023-11-08
125.0,2.0,2.8,Ordinaria,2024-10-08
125.0,6.0,8.0,Ordinaria,2025-03-09
125.0,13.0,5.7,Extraordinaria,2025-03-10
126.0,27.0,1.9,Extraordinaria,2025-03-31
126.0,7.0,7.0,Extraordinaria,2024-11-20
126.0,11.0,7.9,Extraordinaria,2024-01-06
127.0,21.0,8.0,Extraordinaria,2024-01-07
127.0,23.0,8.7,Ordinaria,2023-08-22
128.0,21.0,0.6,Extraordinaria,2024-04-15
128.0,20.0,2.9,Extraordinaria,2024-02-21
128.0,22.0,1.4,Ordinaria,2025-04-10
129.0,19.0,5.0,Ordinaria,2023-08-07
129.0,15.0,5.8,Ordinaria,2023-10-05
129.0,12.0,3.3,Extraordinaria,2024-03-28
130.0,15.0,7.9,Extraordinaria,2024-02-29
130.0,14.0,6.3,Extraordinaria,2024-07-03
131.0,14.0,3.5,Ordinaria,2024-05-06
131.0,11.0,3.4,Ordinaria,2024-06-08
132.0,30.0,8.8,Ordinaria,2023-08-31
132.0,14.0,9.7,Ordinaria,2023-12-05
133.0,26.0,1.5,Ordinaria,2023-12-10
133.0,10.0,5.0,Extraordinaria,2025-01-20
133.0,6.0,4.3,Ordinaria,2024-03-24
134.0,11.0,0.9,Ordinaria,2024-02-22
134.0,29.0,0.5,Extraordinaria,2023-12-12
134.0,26.0,10.0,Extraordinaria,2023-12-11
135.0,26.0,6.1,Extraordinaria,2025-05-15
135.0,27.0,0.5,Extraordinaria,2024-11-28
135.0,9.0,1.3,Extraordinaria,2023-05-30
136.0,16.0,9.8,Ordinaria,2024-05-21
136.0,17.0,4.4,Extraordinaria,2025-04-13
136.0,28.0,5.4,Ordinaria,2024-06-26
137.0,26.0,5.8,Ordinaria,2024-01-29
137.0,20.0,6.9,Ordinaria,2024-01-10
138.0,14.0,7.0,Extraordinaria,2024-10-12
138.0,24.0,2.7,Ordinaria,2023-10-04
138.0,8.0,7.4,Extraordinaria,2024-01-29
139.0,9.0,0.8,Ordinaria,2023-07-16
139.0,4.0,0.0,Extraordinaria,2024-12-08
139.0,17.0,0.1,Extraordinaria,2025-03-27
140.0,18.0,8.6,Extraordinaria,2023-09-14
140.0,25.0,0.6,Ordinaria,2023-06-28
140.0,15.0,8.8,Extraordinaria,2025-01-29
141.0,15.0,2.8,Extraordinaria,1997-02-10
141.0,8.0,9.7,Ordinaria,2024-05-13
141.0,14.0,9.9,Ordinaria,2025-05-03
142.0,25.0,6.9,Ordinaria,2024-06-16
142.0,8.0,5.1,Extraordinaria,2024-12-17
143.0,9.0,0.5,Extraordinaria,2023-07-21
143.0,7.0,4.6,Ordinaria,2024-04-03
143.0,23.0,8.6,Extraordinaria,2023-08-12
144.0,18.0,8.4,Ordinaria,2024-04-26
144.0,8.0,3.6,Ordinaria,2023-10-12
144.0,6.0,5.1,Extraordinaria,2025-02-01
145.0,10.0,3.1,Ordinaria,2023-11-16
145.0,19.0,1.7,Extraordinaria,2025-01-15
145.0,14.0,7.8,Ordinaria,2001-12-17
146.0,7.0,5.6,Ordinaria,2023-06-09
146.0,29.0,0.6,Extraordinaria,2024-09-12
147.0,3.0,7.1,Ordinaria,2024-04-07
147.0,11.0,1.6,Extraordinaria,2025-04-20
148.0,8.0,5.7,Ordinaria,2023-06-05
148.0,13.0,4.3,Extraordinaria,2023-05-17
148.0,25.0,4.8,Extraordinaria,2024-10-16
149.0,28.0,6.6,Extraordinaria,2025-05-05
149.0,7.0,5.9,Ordinaria,2023-12-11
149.0,23.0,6.5,Extraordinaria,2024-04-25
151.0,19.0,5.3,Extraordinaria,2024-09-21
151.0,22.0,10.0,Extraordinaria,2024-03-03
152.0,20.0,7.6,Ordinaria,2024-04-13
152.0,6.0,0.3,Ordinaria,2024-12-19
152.0,23.0,8.9,Extraordinaria,2024-11-19
153.0,5.0,5.9,Extraordinaria,2024-03-23
153.0,11.0,6.0,Ordinaria,2024-05-16
153.0,8.0,0.0,Ordinaria,2023-11-19
154.0,2.0,3.7,Ordinaria,2023-08-21
154.0,3.0,7.6,Extraordinaria,1998-04-28
154.0,28.0,4.4,Ordinaria,2023-12-06
155.0,7.0,3.5,Ordinaria,2024-07-15
155.0,4.0,1.2,Ordinaria,2023-11-11
155.0,29.0,8.0,Extraordinaria,2025-04-26
156.0,14.0,5.0,Ordinaria,2025-01-05
156.0,28.0,0.0,Extraordinaria,2024-11-15
156.0,3.0,6.8,Ordinaria,2023-10-26
157.0,4.0,6.5,Ordinaria,2024-09-18
157.0,6.0,3.5,Extraordinaria,2024-05-05
158.0,6.0,1.6,Ordinaria,2023-12-31
158.0,28.0,0.0,Ordinaria,2024-08-22
158.0,5.0,0.7,Extraordinaria,2023-06-01
159.0,26.0,9.5,Ordinaria,2024-07-11
159.0,10.0,1.3,Ordinaria,2023-06-05
159.0,4.0,3.3,Ordinaria,2023-12-16
160.0,28.0,2.1,Extraordinaria,2024-08-15
160.0,10.0,5.3,Extraordinaria,2024-08-06
161.0,12.0,5.0,Extraordinaria,2024-10-22
161.0,17.0,2.2,Extraordinaria,2023-08-26
162.0,25.0,5.5,Extraordinaria,2023-12-28
162.0,24.0,6.2,Extraordinaria,2025-01-27
162.0,19.0,8.8,Extraordinaria,2023-08-26
163.0,11.0,6.3,Extraordinaria,2024-11-29
163.0,23.0,4.1,Ordinaria,2024-10-06
163.0,16.0,9.1,Extraordinaria,2025-05-15
164.0,23.0,7.1,Ordinaria,2025-01-25
164.0,25.0,7.1,Ordinaria,2023-06-30
165.0,14.0,4.9,Extraordinaria,2024-12-15
166.0,8.0,3.4,Ordinaria,2024-12-09
166.0,10.0,8.3,Extraordinaria,2025-05-03
167.0,10.0,6.9,Ordinaria,2023-10-26
167.0,6.0,1.8,Ordinaria,2023-12-04
168.0,15.0,4.9,Ordinaria,2024-02-15
168.0,14.0,5.9,Extraordinaria,2024-02-27
169.0,20.0,7.1,Ordinaria,2023-09-28
169.0,2.0,6.5,Ordinaria,2024-04-08
169.0,27.0,2.4,Extraordinaria,2025-05-09
170.0,29.0,7.0,Ordinaria,2023-07-07
170.0,30.0,9.6,Extraordinaria,2023-09-27
171.0,13.0,3.0,Ordinaria,2025-02-12
171.0,18.0,7.6,Ordinaria,1995-08-15
171.0,28.0,7.5,Ordinaria,2023-12-09
172.0,7.0,0.8,Ordinaria,2023-07-08
173.0,28.0,9.8,Extraordinaria,2024-02-18
173.0,24.0,9.5,Extraordinaria,2024-08-10
173.0,30.0,8.5,Ordinaria,2025-04-02
174.0,1.0,3.0,Extraordinaria,2024-01-04
174.0,25.0,4.1,Ordinaria,2024-05-30
175.0,22.0,4.9,Ordinaria,2025-03-18
175.0,17.0,1.4,Ordinaria,2024-10-14
176.0,20.0,9.3,Ordinaria,2023-09-18
176.0,12.0,0.4,Ordinaria,2025-05-15
176.0,15.0,3.1,Ordinaria,2024-11-21
177.0,6.0,7.4,Ordinaria,2023-12-18
177.0,15.0,7.8,Ordinaria,2024-09-28
177.0,21.0,1.6,Ordinaria,2024-04-22
178.0,21.0,6.7,Extraordinaria,2024-01-30
178.0,28.0,8.1,Extraordinaria,2024-11-23
178.0,12.0,5.1,Extraordinaria,2024-09-21
179.0,4.0,2.2,Extraordinaria,2024-09-21
179.0,13.0,8.7,Extraordinaria,2023-07-20
179.0,6.0,1.9,Extraordinaria,2023-12-10
180.0,12.0,4.4,Extraordinaria,2024-07-31
180.0,28.0,6.0,Ordinaria,2024-11-21
181.0,11.0,3.4,Extraordinaria,2024-10-25
181.0,18.0,1.4,Ordinaria,2024-05-10
181.0,22.0,3.9,Extraordinaria,2024-08-08
182.0,8.0,5.1,Ordinaria,2023-10-24
182.0,16.0,1.5,Ordinaria,2025-03-31
183.0,25.0,3.6,Extraordinaria,2025-02-15
183.0,15.0,5.1,Ordinaria,2023-09-15
183.0,12.0,1.0,Ordinaria,2025-03-02
184.0,14.0,2.5,Extraordinaria,2024-09-29
184.0,26.0,5.7,Extraordinaria,2023-06-13
185.0,2.0,7.9,Ordinaria,2025-02-27
185.0,11.0,9.6,Extraordinaria,2023-12-21
186.0,18.0,1.4,Extraordinaria,2024-06-08
186.0,17.0,5.1,Ordinaria,2024-12-12
187.0,20.0,0.9,Ordinaria,2024-05-06
187.0,24.0,8.9,Ordinaria,2023-07-11
188.0,26.0,9.6,Ordinaria,2024-05-02
188.0,5.0,2.9,Extraordinaria,2024-07-02
188.0,13.0,1.3,Extraordinaria,2025-04-12
189.0,18.0,5.8,Extraordinaria,2025-03-31
189.0,2.0,6.6,Ordinaria,2023-05-18
190.0,2.0,0.1,Extraordinaria,2023-10-03
191.0,12.0,4.1,Extraordinaria,2025-05-05
191.0,10.0,8.1,Extraordinaria,2025-04-27
191.0,20.0,5.4,Ordinaria,2025-04-04
192.0,24.0,2.9,Extraordinaria,2023-12-16
192.0,14.0,7.5,Ordinaria,2023-12-22
193.0,23.0,4.0,Ordinaria,2024-11-20
193.0,8.0,7.5,Ordinaria,2024-10-16
194.0,9.0,1.1,Extraordinaria,2024-09-22
194.0,20.0,2.7,Ordinaria,2023-11-15
194.0,8.0,9.8,Extraordinaria,2023-06-03
195.0,3.0,0.6,Extraordinaria,2024-01-02
195.0,25.0,3.8,Ordinaria,2024-11-19
195.0,22.0,3.1,Extraordinaria,2024-12-06
196.0,24.0,0.6,Extraordinaria,2025-05-15
196.0,29.0,0.0,Ordinaria,2023-10-26
197.0,9.0,2.3,Extraordinaria,2024-11-29
198.0,24.0,2.8,Extraordinaria,2023-08-20
198.0,9.0,8.5,Extraordinaria,2023-11-16
198.0,12.0,2.7,Ordinaria,2025-03-06
199.0,15.0,1.2,Ordinaria,2024-06-16
199.0,21.0,3.5,Ordinaria,2024-02-23
199.0,27.0,8.4,Ordinaria,2025-02-13
200.0,17.0,8.8,Extraordinaria,2024-11-18
200.0,3.0,3.9,Ordinaria,2025-03-02
200.0,26.0,6.8,Ordinaria,2024-06-04
201.0,30.0,4.9,Extraordinaria,2024-07-04
202.0,24.0,2.1,Extraordinaria,2024-11-05
202.0,15.0,5.4,Extraordinaria,2025-04-30
202.0,19.0,7.1,Ordinaria,2023-12-09
203.0,22.0,9.2,Ordinaria,2024-03-02
203.0,5.0,5.6,Ordinaria,2024-04-28
203.0,6.0,8.9,Ordinaria,2024-03-10
204.0,7.0,1.7,Ordinaria,2025-04-30
204.0,3.0,6.6,Ordinaria,2024-05-08
205.0,26.0,1.3,Ordinaria,2023-06-24
205.0,16.0,4.3,Ordinaria,2024-07-16
206.0,20.0,2.8,Ordinaria,2025-05-10
206.0,13.0,2.1,Extraordinaria,2023-09-03
207.0,18.0,7.7,Ordinaria,2023-08-31
207.0,12.0,4.9,Extraordinaria,2023-05-18
207.0,13.0,2.2,Ordinaria,2024-06-28
208.0,7.0,4.7,Extraordinaria,2024-08-25
208.0,26.0,8.2,Ordinaria,2024-10-21
208.0,20.0,8.9,Extraordinaria,2024-01-30
209.0,2.0,1.9,Extraordinaria,2024-04-06
210.0,22.0,2.8,Ordinaria,2024-11-28
210.0,20.0,4.9,Extraordinaria,2024-02-23
210.0,9.0,5.0,Extraordinaria,1996-10-08
211.0,7.0,1.9,Ordinaria,2024-10-26
211.0,9.0,7.9,Extraordinaria,2024-01-16
212.0,10.0,1.3,Ordinaria,2025-03-23
212.0,7.0,0.5,Ordinaria,2024-12-17
213.0,16.0,1.9,Extraordinaria,2024-05-30
213.0,19.0,2.3,Ordinaria,2024-05-09
214.0,30.0,0.4,Ordinaria,2023-12-28
214.0,22.0,1.0,Ordinaria,2023-10-27
215.0,18.0,5.3,Ordinaria,2023-09-06
215.0,8.0,7.8,Ordinaria,2023-05-21
215.0,23.0,9.8,Ordinaria,2024-08-17
216.0,20.0,5.3,Ordinaria,2023-05-26
216.0,5.0,5.6,Ordinaria,2024-02-17
216.0,13.0,0.0,Extraordinaria,2023-07-12
217.0,4.0,5.2,Extraordinaria,2025-04-05
217.0,19.0,8.8,Extraordinaria,2024-07-20
217.0,28.0,4.1,Ordinaria,2023-09-02
218.0,14.0,3.6,Ordinaria,2025-03-22
218.0,24.0,2.5,Extraordinaria,2024-12-01
219.0,2.0,6.3,Extraordinaria,2024-10-03
219.0,13.0,4.4,Ordinaria,2023-08-12
220.0,17.0,0.7,Extraordinaria,2025-04-28
220.0,6.0,6.9,Ordinaria,2023-11-12
221.0,6.0,0.1,Extraordinaria,2025-01-17
221.0,25.0,8.7,Ordinaria,2024-03-05
221.0,19.0,9.7,Extraordinaria,2024-03-08
222.0,22.0,3.2,Ordinaria,2025-01-30
223.0,20.0,1.6,Ordinaria,2024-11-14
223.0,16.0,4.3,Ordinaria,2024-05-27
224.0,21.0,10.0,Extraordinaria,2023-12-15
224.0,14.0,0.4,Ordinaria,2024-04-02
225.0,10.0,0.2,Ordinaria,2025-05-15
226.0,27.0,0.2,Ordinaria,2024-04-30
226.0,13.0,9.6,Ordinaria,2023-10-01
226.0,12.0,9.7,Ordinaria,2024-06-05
227.0,7.0,10.0,Ordinaria,2024-08-08
228.0,29.0,1.9,Extraordinaria,2024-06-05
228.0,11.0,1.3,Extraordinaria,2023-12-10
228.0,26.0,8.5,Ordinaria,2024-02-11
229.0,12.0,10.0,Ordinaria,2024-08-09
229.0,10.0,9.1,Ordinaria,2025-04-02
230.0,17.0,2.3,Extraordinaria,2025-03-22
231.0,27.0,3.6,Extraordinaria,2023-09-14
231.0,7.0,2.7,Extraordinaria,2024-10-20
231.0,8.0,5.3,Extraordinaria,2024-07-25
232.0,4.0,10.0,Ordinaria,2024-02-11
232.0,14.0,1.1,Ordinaria,2025-04-14
232.0,22.0,9.2,Extraordinaria,2024-06-26
233.0,20.0,6.1,Ordinaria,2024-05-04
233.0,23.0,9.2,Extraordinaria,2025-04-12
234.0,1.0,2.7,Ordinaria,2024-07-29
234.0,9.0,1.0,Ordinaria,2024-11-06
234.0,19.0,1.8,Ordinaria,2025-05-16
235.0,21.0,7.5,Ordinaria,2024-01-21
235.0,25.0,6.9,Extraordinaria,2024-05-28
236.0,25.0,7.6,Extraordinaria,2025-02-02
236.0,20.0,9.7,Ordinaria,2024-02-14
236.0,14.0,0.9,Extraordinaria,2023-11-25
237.0,4.0,6.3,Ordinaria,2024-11-16
237.0,19.0,0.1,Ordinaria,2023-12-31
238.0,11.0,0.0,Extraordinaria,2024-05-01
238.0,30.0,6.0,Extraordinaria,2025-03-04
238.0,6.0,0.3,Extraordinaria,2025-02-27
239.0,14.0,6.9,Extraordinaria,2025-04-03
240.0,21.0,5.6,Extraordinaria,2024-04-22
240.0,25.0,3.9,Ordinaria,2025-02-19
241.0,16.0,0.8,Extraordinaria,2023-10-05
241.0,20.0,7.8,Ordinaria,2024-02-02
241.0,19.0,0.1,Ordinaria,2024-03-19
242.0,17.0,8.2,Extraordinaria,2023-12-29
242.0,10.0,2.2,Ordinaria,2024-06-16
243.0,26.0,3.3,Ordinaria,2023-07-06
243.0,27.0,4.0,Ordinaria,2024-07-08
244.0,29.0,9.5,Ordinaria,2025-01-04
244.0,2.0,8.0,Extraordinaria,2024-03-30
244.0,1.0,6.1,Ordinaria,2024-04-06
245.0,19.0,2.7,Extraordinaria,2023-11-15
245.0,17.0,8.0,Ordinaria,2024-04-30
246.0,2.0,6.7,Extraordinaria,2024-04-01
246.0,6.0,0.3,Ordinaria,2024-03-20
246.0,26.0,1.1,Ordinaria,2023-09-24
247.0,16.0,6.6,Extraordinaria,2024-08-01
248.0,3.0,5.5,Ordinaria,2024-02-22
249.0,10.0,0.8,Ordinaria,2023-09-17
249.0,24.0,6.5,Extraordinaria,2024-05-30
249.0,18.0,0.4,Ordinaria,2023-09-24
250.0,10.0,8.2,Extraordinaria,2024-08-29
250.0,23.0,3.7,Ordinaria,2023-10-06
251.0,24.0,6.8,Ordinaria,2023-07-02
251.0,27.0,3.3,Extraordinaria,2024-01-24
251.0,12.0,2.1,Ordinaria,1997-11-08
252.0,11.0,7.4,Extraordinaria,2023-11-05
253.0,23.0,4.3,Ordinaria,2023-10-14
253.0,10.0,7.5,Extraordinaria,2003-03-22
254.0,13.0,8.3,Ordinaria,2023-08-14
254.0,28.0,3.6,Extraordinaria,2025-04-13
254.0,12.0,9.0,Ordinaria,2025-04-20
255.0,16.0,4.7,Extraordinaria,2025-04-11
255.0,26.0,9.3,Extraordinaria,2024-03-14
255.0,17.0,1.8,Ordinaria,2024-02-25
256.0,10.0,6.9,Extraordinaria,2023-08-13
256.0,13.0,9.6,Ordinaria,2025-04-21
256.0,7.0,3.4,Ordinaria,2024-01-28
257.0,15.0,4.3,Extraordinaria,2023-08-14
257.0,29.0,6.9,Extraordinaria,2023-10-12
257.0,7.0,3.4,Extraordinaria,2025-02-05
258.0,12.0,2.0,Extraordinaria,2025-04-21
258.0,1.0,2.7,Extraordinaria,2024-08-10
259.0,6.0,9.7,Ordinaria,2023-09-07
259.0,3.0,0.2,Ordinaria,2024-10-02
260.0,13.0,1.6,Ordinaria,2024-11-06
260.0,21.0,3.2,Extraordinaria,2023-05-30
260.0,26.0,6.1,Extraordinaria,2024-11-14
261.0,8.0,2.7,Extraordinaria,2024-04-15
261.0,14.0,4.3,Extraordinaria,2000-08-06
262.0,23.0,3.7,Ordinaria,2023-06-16
262.0,20.0,7.5,Ordinaria,2023-11-22
262.0,22.0,3.7,Ordinaria,2023-12-17
263.0,27.0,0.2,Extraordinaria,2023-08-13
264.0,27.0,9.6,Ordinaria,2024-01-07
264.0,5.0,5.0,Extraordinaria,2023-08-14
265.0,29.0,8.7,Ordinaria,2023-11-16
265.0,25.0,4.8,Extraordinaria,2025-01-11
266.0,13.0,7.1,Ordinaria,2023-06-10
266.0,5.0,4.8,Ordinaria,2023-09-17
266.0,23.0,5.1,Extraordinaria,2025-04-21
267.0,10.0,1.2,Ordinaria,2023-11-18
267.0,21.0,9.3,Ordinaria,2024-05-12
268.0,19.0,2.7,Ordinaria,2023-11-09
268.0,8.0,5.2,Extraordinaria,2025-03-17
269.0,20.0,8.6,Extraordinaria,2024-04-09
269.0,1.0,4.1,Extraordinaria,2023-12-18
270.0,1.0,4.8,Extraordinaria,2023-06-12
270.0,18.0,7.2,Extraordinaria,2023-10-16
270.0,23.0,6.0,Ordinaria,2023-08-19
271.0,7.0,4.1,Extraordinaria,2025-03-31
271.0,24.0,4.0,Extraordinaria,2023-11-30
271.0,12.0,3.0,Ordinaria,2023-10-30
272.0,17.0,9.6,Ordinaria,2023-12-13
272.0,16.0,6.0,Extraordinaria,2024-10-25
272.0,20.0,4.9,Extraordinaria,2024-08-23
273.0,7.0,0.6,Ordinaria,2023-11-29
273.0,3.0,5.0,Extraordinaria,2024-10-31
273.0,11.0,9.4,Extraordinaria,2025-03-04
274.0,23.0,6.1,Ordinaria,2024-10-20
274.0,1.0,8.7,Extraordinaria,2024-10-26
274.0,14.0,3.5,Ordinaria,1999-01-24
275.0,15.0,8.0,Ordinaria,2023-05-26
275.0,17.0,2.9,Ordinaria,2023-09-28
275.0,5.0,9.1,Extraordinaria,2023-11-09
276.0,28.0,3.1,Ordinaria,2024-06-22
276.0,4.0,1.2,Ordinaria,2025-02-08
276.0,27.0,10.0,Extraordinaria,2024-07-21
277.0,18.0,4.2,Extraordinaria,2024-04-21
277.0,24.0,9.6,Extraordinaria,2024-09-26
277.0,27.0,4.7,Ordinaria,2024-07-03
278.0,10.0,3.7,Ordinaria,2023-10-17
278.0,8.0,0.0,Extraordinaria,2024-11-26
278.0,30.0,9.5,Extraordinaria,2023-10-26
279.0,1.0,2.9,Extraordinaria,2023-09-14
279.0,27.0,5.8,Ordinaria,1999-06-13
279.0,29.0,10.0,Extraordinaria,2024-12-10
280.0,3.0,2.6,Extraordinaria,2023-08-25
280.0,15.0,4.1,Extraordinaria,2023-08-30
280.0,8.0,9.9,Extraordinaria,2024-01-25
281.0,20.0,7.9,Extraordinaria,2000-10-25
281.0,26.0,6.9,Ordinaria,2024-04-04
281.0,21.0,0.0,Ordinaria,2024-07-13
282.0,23.0,4.1,Ordinaria,2023-08-15
282.0,24.0,6.1,Ordinaria,2024-10-01
283.0,15.0,3.8,Ordinaria,2024-02-10
283.0,19.0,4.4,Extraordinaria,2023-06-04
284.0,18.0,6.3,Ordinaria,2024-04-15
284.0,26.0,0.4,Ordinaria,2024-04-15
284.0,9.0,1.9,Ordinaria,2024-12-17
285.0,26.0,6.0,Ordinaria,2023-10-01
285.0,4.0,4.0,Ordinaria,2002-07-31
286.0,16.0,5.5,Extraordinaria,2024-03-27
286.0,17.0,5.4,Ordinaria,2023-11-21
287.0,24.0,7.2,Ordinaria,2024-02-19
287.0,9.0,3.0,Extraordinaria,2024-07-25
288.0,28.0,6.7,Ordinaria,2024-03-08
288.0,13.0,2.4,Ordinaria,2024-02-23
288.0,24.0,8.2,Ordinaria,2024-10-10
290.0,3.0,6.4,Ordinaria,2024-10-26
290.0,9.0,3.8,Extraordinaria,2024-04-04
290.0,21.0,3.0,Extraordinaria,2024-07-10
291.0,16.0,0.7,Extraordinaria,2024-04-09
291.0,22.0,6.0,Extraordinaria,2004-06-09
291.0,28.0,4.2,Ordinaria,2024-10-10
292.0,11.0,8.5,Ordinaria,2025-04-17
292.0,18.0,6.4,Ordinaria,2024-02-18
292.0,5.0,2.6,Ordinaria,2024-11-05
293.0,25.0,6.6,Extraordinaria,2025-04-17
293.0,14.0,1.6,Extraordinaria,2023-12-25
293.0,27.0,2.7,Extraordinaria,2023-09-10
294.0,12.0,7.8,Ordinaria,2024-10-05
294.0,30.0,0.0,Extraordinaria,2025-03-05
294.0,25.0,4.5,Extraordinaria,2024-09-22
295.0,13.0,9.3,Extraordinaria,2023-07-12
295.0,11.0,10.0,Extraordinaria,2024-05-15
296.0,22.0,5.4,Ordinaria,2023-07-31
296.0,7.0,0.0,Ordinaria,2023-07-07
296.0,15.0,4.7,Extraordinaria,2002-07-09
297.0,16.0,2.4,Extraordinaria,2023-10-16
298.0,2.0,3.4,Ordinaria,2024-09-05
298.0,16.0,3.1,Extraordinaria,2024-10-27
298.0,26.0,4.5,Ordinaria,2023-11-19
299.0,12.0,3.0,Ordinaria,2023-08-26
299.0,2.0,8.6,Extraordinaria,2023-12-05
300.0,14.0,7.2,Ordinaria,2024-12-05
300.0,3.0,3.0,Ordinaria,2024-12-16
300.0,13.0,5.8,Extraordinaria,2024-12-31
301.0,7.0,3.2,Ordinaria,2023-12-19
302.0,4.0,2.7,Ordinaria,2025-03-23
302.0,10.0,1.0,Extraordinaria,2025-04-20
302.0,29.0,4.3,Ordinaria,2023-05-30
303.0,22.0,4.6,Ordinaria,2025-02-03
303.0,24.0,6.1,Ordinaria,2023-06-22
304.0,5.0,8.1,Ordinaria,2023-08-09
304.0,18.0,0.0,Ordinaria,2023-05-24
305.0,7.0,4.7,Ordinaria,2024-10-19
307.0,18.0,5.5,Extraordinaria,2024-02-02
307.0,2.0,8.2,Extraordinaria,2025-02-05
307.0,3.0,8.8,Ordinaria,2023-07-13
308.0,2.0,3.7,Ordinaria,2023-08-12
308.0,5.0,5.6,Extraordinaria,2024-12-03
309.0,7.0,9.3,Ordinaria,2025-01-17
309.0,27.0,1.4,Extraordinaria,2023-11-21
310.0,23.0,3.4,Ordinaria,2023-09-14
310.0,6.0,9.1,Ordinaria,2024-03-05
310.0,28.0,0.6,Extraordinaria,2024-05-29
311.0,22.0,0.3,Ordinaria,2024-01-21
311.0,2.0,9.7,Extraordinaria,2024-07-30
311.0,7.0,3.8,Extraordinaria,2024-07-14
312.0,28.0,2.1,Ordinaria,2025-03-08
312.0,14.0,2.9,Ordinaria,2025-02-16
312.0,16.0,9.1,Extraordinaria,2023-05-18
313.0,17.0,7.1,Ordinaria,2024-12-08
313.0,22.0,5.9,Ordinaria,2023-06-26
314.0,20.0,7.1,Extraordinaria,2024-02-24
314.0,12.0,3.5,Ordinaria,2024-04-03
314.0,22.0,1.6,Ordinaria,2025-04-07
315.0,30.0,6.4,Ordinaria,2024-08-27
315.0,18.0,1.4,Ordinaria,2024-11-10
315.0,1.0,0.4,Extraordinaria,2024-10-16
316.0,3.0,4.4,Ordinaria,2024-02-16
316.0,25.0,0.9,Extraordinaria,2024-07-02
316.0,26.0,1.6,Extraordinaria,2024-05-29
317.0,8.0,5.9,Extraordinaria,2025-05-02
318.0,2.0,8.9,Ordinaria,2023-07-30
318.0,12.0,1.0,Ordinaria,2025-04-28
318.0,4.0,1.5,Extraordinaria,2024-11-09
319.0,20.0,7.0,Extraordinaria,2024-01-14
319.0,11.0,1.1,Extraordinaria,2024-05-03
320.0,15.0,7.7,Ordinaria,2024-12-17
320.0,8.0,4.1,Extraordinaria,2025-01-20
320.0,29.0,4.9,Ordinaria,2024-12-21
321.0,14.0,5.2,Extraordinaria,2023-08-14
321.0,11.0,3.2,Extraordinaria,2023-10-12
321.0,6.0,4.7,Ordinaria,2025-01-03
322.0,1.0,3.8,Extraordinaria,2024-12-22
322.0,5.0,7.3,Extraordinaria,2025-01-05
322.0,30.0,3.5,Extraordinaria,2024-09-20
323.0,30.0,4.6,Ordinaria,2024-11-30
323.0,16.0,2.0,Extraordinaria,2023-09-04
324.0,8.0,1.6,Extraordinaria,2024-08-26
324.0,28.0,0.1,Ordinaria,1998-03-19
325.0,29.0,5.2,Ordinaria,1997-12-13
325.0,6.0,8.1,Ordinaria,2023-12-11
325.0,14.0,9.7,Extraordinaria,2024-08-16
326.0,30.0,6.8,Extraordinaria,2025-02-28
326.0,6.0,7.1,Ordinaria,2024-03-03
326.0,5.0,10.0,Ordinaria,2024-06-08
327.0,9.0,9.1,Extraordinaria,2025-03-25
328.0,14.0,0.9,Ordinaria,2023-11-26
328.0,12.0,3.0,Ordinaria,2024-07-11
328.0,16.0,10.0,Ordinaria,2025-02-12
329.0,14.0,4.3,Extraordinaria,2024-12-29
329.0,6.0,8.9,Extraordinaria,2001-12-13
329.0,5.0,5.2,Ordinaria,2024-02-28
330.0,29.0,0.9,Ordinaria,2025-01-07
330.0,21.0,4.5,Ordinaria,2024-09-29
330.0,18.0,3.1,Extraordinaria,2024-05-07
331.0,2.0,5.9,Extraordinaria,2024-08-01
331.0,30.0,2.6,Ordinaria,2023-07-08
331.0,13.0,4.2,Extraordinaria,2025-01-18
332.0,5.0,6.6,Extraordinaria,2023-06-07
333.0,5.0,6.7,Extraordinaria,2024-11-25
333.0,25.0,6.5,Extraordinaria,2024-06-29
333.0,12.0,1.9,Ordinaria,2024-03-24
334.0,28.0,7.1,Ordinaria,2023-09-05
334.0,1.0,6.5,Extraordinaria,2024-12-15
334.0,22.0,8.0,Ordinaria,2023-09-03
335.0,30.0,2.5,Ordinaria,2024-12-01
335.0,14.0,2.4,Ordinaria,2024-11-21
335.0,13.0,1.2,Extraordinaria,2024-12-22
336.0,26.0,0.3,Extraordinaria,2023-07-19
336.0,11.0,5.7,Ordinaria,2024-02-02
336.0,27.0,4.7,Ordinaria,2024-02-16
337.0,25.0,9.4,Ordinaria,2023-07-02
337.0,5.0,5.0,Extraordinaria,2025-01-31
338.0,8.0,9.2,Extraordinaria,2024-03-01
338.0,16.0,9.4,Ordinaria,2023-11-12
339.0,6.0,6.1,Ordinaria,2024-07-29
339.0,1.0,2.1,Ordinaria,2025-03-27
339.0,14.0,5.8,Ordinaria,2023-06-13
340.0,26.0,6.9,Ordinaria,2024-08-04
340.0,15.0,8.5,Extraordinaria,2024-04-25
341.0,17.0,3.8,Ordinaria,2024-09-09
341.0,27.0,2.6,Ordinaria,2024-07-29
342.0,27.0,6.7,Ordinaria,2024-09-25
342.0,14.0,0.6,Extraordinaria,2025-01-12
342.0,4.0,6.9,Ordinaria,2024-09-02
343.0,18.0,6.2,Ordinaria,2024-06-02
344.0,9.0,8.1,Ordinaria,2025-04-23
344.0,26.0,0.8,Ordinaria,2024-11-27
344.0,3.0,3.3,Ordinaria,2024-01-04
345.0,1.0,7.0,Ordinaria,2023-09-28
345.0,12.0,5.4,Extraordinaria,2025-03-29
346.0,12.0,9.1,Ordinaria,2025-04-23
346.0,17.0,9.9,Ordinaria,2024-09-29
346.0,21.0,6.5,Extraordinaria,2024-11-16
347.0,18.0,0.1,Extraordinaria,2024-10-21
347.0,8.0,3.9,Extraordinaria,2024-11-26
347.0,10.0,7.2,Ordinaria,2024-04-25
348.0,1.0,9.2,Extraordinaria,2023-09-23
348.0,11.0,7.7,Extraordinaria,2025-02-14
349.0,12.0,7.2,Extraordinaria,2025-01-07
349.0,14.0,5.2,Extraordinaria,2024-05-30
349.0,25.0,9.3,Extraordinaria,2024-12-10
350.0,27.0,3.3,Extraordinaria,2024-01-28
350.0,3.0,5.8,Extraordinaria,2023-11-12
350.0,19.0,2.9,Ordinaria,2023-06-04
351.0,25.0,7.8,Ordinaria,2024-02-28
352.0,6.0,2.0,Extraordinaria,2025-02-20
352.0,24.0,9.8,Ordinaria,2023-06-13
352.0,10.0,9.6,Extraordinaria,2025-02-26
353.0,19.0,0.9,Extraordinaria,2025-03-31
353.0,20.0,1.6,Ordinaria,2024-10-31
354.0,3.0,1.3,Extraordinaria,2024-03-15
354.0,13.0,2.9,Ordinaria,2023-05-22
355.0,27.0,0.0,Ordinaria,2023-09-01
355.0,20.0,3.5,Extraordinaria,2024-08-27
356.0,21.0,4.0,Extraordinaria,2024-01-10
357.0,25.0,7.7,Extraordinaria,2024-09-19
357.0,16.0,0.9,Extraordinaria,2023-12-26
358.0,5.0,4.8,Ordinaria,2023-09-14
358.0,7.0,9.5,Ordinaria,2025-01-30
359.0,6.0,6.8,Ordinaria,2023-10-30
359.0,5.0,2.9,Ordinaria,2023-05-21
359.0,27.0,2.8,Extraordinaria,2023-11-24
360.0,23.0,6.7,Extraordinaria,2024-11-26
360.0,27.0,9.8,Ordinaria,2023-07-04
361.0,23.0,0.0,Ordinaria,2025-01-28
362.0,20.0,1.2,Extraordinaria,2023-09-06
362.0,23.0,2.8,Ordinaria,2024-08-05
362.0,28.0,4.7,Extraordinaria,2025-03-30
363.0,8.0,2.4,Ordinaria,2024-04-08
363.0,18.0,7.2,Ordinaria,2023-06-04
363.0,13.0,0.0,Ordinaria,2025-03-09
364.0,26.0,4.2,Extraordinaria,2024-08-16
364.0,6.0,0.4,Extraordinaria,2024-04-14
365.0,8.0,10.0,Ordinaria,1997-08-23
365.0,26.0,3.3,Ordinaria,2024-08-18
366.0,5.0,1.2,Ordinaria,2023-08-11
366.0,21.0,4.5,Ordinaria,2025-04-03
367.0,13.0,1.8,Ordinaria,2024-10-01
367.0,12.0,0.3,Ordinaria,2025-01-08
368.0,12.0,6.7,Ordinaria,2024-04-02
368.0,1.0,4.5,Extraordinaria,2024-02-05
368.0,15.0,6.3,Extraordinaria,2024-11-12
369.0,16.0,9.0,Ordinaria,2024-05-28
370.0,2.0,0.6,Ordinaria,2024-02-23
370.0,23.0,2.2,Ordinaria,2024-06-14
371.0,16.0,9.1,Extraordinaria,2024-07-03
371.0,10.0,5.2,Extraordinaria,2024-07-01
371.0,27.0,3.6,Ordinaria,2024-03-31
372.0,20.0,8.2,Extraordinaria,2025-04-10
372.0,17.0,1.9,Extraordinaria,2024-05-19
372.0,29.0,0.0,Extraordinaria,2024-07-31
373.0,14.0,6.0,Ordinaria,2024-08-11
373.0,25.0,2.2,Extraordinaria,2024-07-12
374.0,1.0,2.5,Extraordinaria,2024-05-24
374.0,9.0,6.3,Extraordinaria,2024-11-29
374.0,7.0,7.8,Ordinaria,2024-07-18
375.0,24.0,6.6,Ordinaria,2023-07-07
375.0,8.0,3.2,Ordinaria,2025-01-20
375.0,5.0,0.8,Extraordinaria,2025-01-07
376.0,29.0,2.6,Extraordinaria,2024-02-29
376.0,14.0,2.8,Extraordinaria,2024-12-15
376.0,20.0,4.9,Extraordinaria,2024-03-11
377.0,16.0,2.8,Ordinaria,2025-02-02
377.0,2.0,2.3,Ordinaria,2024-06-07
377.0,8.0,3.0,Extraordinaria,2023-08-24
378.0,11.0,8.9,Extraordinaria,2025-04-03
378.0,18.0,7.6,Extraordinaria,2023-10-29
378.0,4.0,2.9,Ordinaria,2025-03-30
379.0,6.0,3.1,Ordinaria,2023-08-01
379.0,20.0,3.2,Extraordinaria,2024-09-16
379.0,5.0,2.2,Ordinaria,2025-03-24
380.0,20.0,3.1,Extraordinaria,2023-09-24
380.0,5.0,8.0,Extraordinaria,2023-11-21
381.0,27.0,7.9,Ordinaria,2024-01-09
381.0,5.0,7.9,Ordinaria,2023-11-26
381.0,10.0,4.6,Extraordinaria,2024-09-03
382.0,27.0,5.9,Extraordinaria,2023-10-17
383.0,14.0,1.8,Ordinaria,2024-06-19
383.0,3.0,3.1,Extraordinaria,2024-01-31
383.0,30.0,9.3,Ordinaria,2023-07-10
384.0,9.0,5.2,Extraordinaria,2024-04-14
384.0,14.0,4.4,Ordinaria,2023-12-22
385.0,25.0,3.3,Ordinaria,2024-01-17
385.0,16.0,4.6,Extraordinaria,2025-02-14
386.0,11.0,3.2,Extraordinaria,2024-05-10
386.0,8.0,8.1,Extraordinaria,2023-10-10
386.0,20.0,5.1,Ordinaria,2023-07-11
387.0,24.0,2.2,Ordinaria,2023-06-18
387.0,7.0,7.1,Ordinaria,2024-10-20
387.0,13.0,5.8,Ordinaria,2023-11-08
388.0,15.0,8.2,Ordinaria,2024-08-15
388.0,26.0,7.6,Ordinaria,2024-11-16
389.0,1.0,1.0,Extraordinaria,2023-07-28
390.0,17.0,5.2,Ordinaria,2003-11-15
391.0,29.0,9.8,Extraordinaria,2024-06-17
391.0,1.0,0.0,Extraordinaria,2024-06-24
391.0,8.0,3.1,Extraordinaria,2025-01-20
392.0,28.0,0.4,Ordinaria,2025-04-05
392.0,25.0,2.6,Extraordinaria,2025-01-21
392.0,26.0,9.8,Ordinaria,2025-03-20
393.0,3.0,5.3,Extraordinaria,2024-11-26
393.0,17.0,0.8,Extraordinaria,2025-01-18
393.0,24.0,1.9,Extraordinaria,2024-10-23
394.0,19.0,2.5,Extraordinaria,2025-03-11
394.0,18.0,4.6,Ordinaria,2024-01-07
394.0,16.0,5.3,Extraordinaria,2024-06-04
395.0,14.0,3.6,Extraordinaria,2024-05-30
395.0,27.0,7.5,Ordinaria,2023-11-14
396.0,28.0,4.3,Ordinaria,1998-10-12
396.0,13.0,5.6,Extraordinaria,2024-09-13
397.0,1.0,0.5,Extraordinaria,2025-04-20
397.0,30.0,2.1,Ordinaria,2024-06-14
398.0,30.0,0.9,Extraordinaria,2024-08-13
398.0,28.0,2.7,Ordinaria,2024-05-27
398.0,12.0,9.5,Extraordinaria,2023-11-24
399.0,26.0,3.9,Ordinaria,2024-08-24
399.0,5.0,8.3,Extraordinaria,2024-02-26
400.0,20.0,6.0,Ordinaria,2023-12-20
400.0,26.0,7.2,Ordinaria,2002-10-07
401.0,16.0,1.0,Ordinaria,2023-12-11
401.0,19.0,1.6,Extraordinaria,2024-03-18
401.0,24.0,2.9,Ordinaria,2024-04-19
402.0,9.0,7.7,Extraordinaria,2025-03-27
402.0,13.0,1.7,Ordinaria,2024-09-24
403.0,22.0,4.7,Extraordinaria,2023-10-30
403.0,17.0,5.4,Ordinaria,2025-04-09
403.0,9.0,5.1,Ordinaria,2024-04-04
404.0,3.0,8.9,Ordinaria,2024-08-22
405.0,18.0,4.7,Extraordinaria,2024-09-09
406.0,19.0,6.6,Extraordinaria,2024-04-06
406.0,9.0,2.6,Extraordinaria,2024-09-23
407.0,23.0,6.4,Extraordinaria,2025-04-16
407.0,22.0,8.3,Extraordinaria,2024-09-12
408.0,20.0,2.4,Extraordinaria,2024-11-12
408.0,5.0,8.4,Ordinaria,2024-01-17
408.0,30.0,0.0,Ordinaria,2023-06-12
409.0,20.0,5.2,Extraordinaria,2025-03-06
409.0,9.0,5.1,Extraordinaria,2025-02-24
409.0,12.0,5.6,Ordinaria,2024-11-09
410.0,29.0,5.1,Ordinaria,2023-05-24
410.0,3.0,4.7,Extraordinaria,2025-03-23
410.0,30.0,8.1,Ordinaria,2025-01-08
411.0,30.0,7.0,Extraordinaria,2024-08-01
411.0,17.0,9.8,Extraordinaria,2024-04-24
411.0,28.0,7.3,Extraordinaria,2024-01-16
412.0,9.0,8.0,Ordinaria,2025-02-20
412.0,19.0,2.2,Ordinaria,2024-08-17
412.0,2.0,5.0,Extraordinaria,2024-08-09
413.0,19.0,5.8,Extraordinaria,2023-09-03
413.0,7.0,7.8,Extraordinaria,2001-01-07
413.0,27.0,2.1,Ordinaria,2023-06-08
414.0,27.0,9.5,Ordinaria,2023-10-19
415.0,18.0,3.1,Ordinaria,2025-01-30
415.0,24.0,1.9,Extraordinaria,2024-10-18
415.0,25.0,6.8,Ordinaria,2023-08-04
416.0,7.0,3.1,Ordinaria,2023-11-11
416.0,28.0,4.2,Ordinaria,2023-10-24
417.0,21.0,4.8,Extraordinaria,2023-08-19
418.0,2.0,1.5,Extraordinaria,2025-02-09
418.0,4.0,1.6,Extraordinaria,2024-08-04
418.0,18.0,7.3,Extraordinaria,2023-10-19
419.0,17.0,5.6,Ordinaria,2024-09-02
420.0,3.0,1.0,Extraordinaria,2025-03-31
420.0,17.0,10.0,Extraordinaria,2025-01-05
420.0,15.0,1.3,Ordinaria,2024-12-30
421.0,12.0,5.3,Ordinaria,2003-09-08
421.0,2.0,7.2,Extraordinaria,2024-07-28
421.0,21.0,9.7,Ordinaria,2023-07-21
422.0,27.0,6.2,Ordinaria,2024-09-07
422.0,16.0,10.0,Extraordinaria,2024-04-05
422.0,11.0,6.2,Extraordinaria,2023-12-13
423.0,14.0,0.7,Extraordinaria,2024-01-10
423.0,16.0,4.1,Extraordinaria,2025-03-07
424.0,29.0,3.4,Extraordinaria,2024-04-22
424.0,15.0,5.0,Ordinaria,2024-10-07
424.0,2.0,4.9,Extraordinaria,2024-05-16
425.0,1.0,8.3,Extraordinaria,2023-09-15
425.0,12.0,0.7,Extraordinaria,2023-07-05
426.0,21.0,3.9,Ordinaria,2023-06-06
426.0,29.0,8.2,Ordinaria,2024-01-04
426.0,4.0,7.8,Extraordinaria,2024-01-05
427.0,30.0,6.8,Ordinaria,2025-02-19
427.0,17.0,3.8,Ordinaria,2024-04-09
427.0,5.0,2.6,Extraordinaria,2024-07-22
429.0,11.0,5.1,Extraordinaria,2023-09-16
429.0,22.0,7.9,Extraordinaria,2023-12-14
430.0,24.0,7.9,Ordinaria,2024-11-03
430.0,29.0,8.8,Extraordinaria,2023-06-26
430.0,28.0,3.4,Ordinaria,2023-07-26
431.0,22.0,4.4,Ordinaria,2024-02-10
431.0,8.0,7.5,Extraordinaria,2024-03-07
431.0,16.0,10.0,Ordinaria,2024-08-15
432.0,4.0,1.3,Extraordinaria,2024-05-30
432.0,19.0,4.8,Ordinaria,2005-03-13
432.0,18.0,5.0,Extraordinaria,2023-06-11
433.0,23.0,1.0,Ordinaria,2023-05-27
433.0,4.0,4.7,Extraordinaria,2024-01-24
434.0,4.0,0.5,Extraordinaria,2023-10-25
434.0,19.0,0.5,Ordinaria,2024-02-26
434.0,25.0,8.9,Extraordinaria,2023-09-16
435.0,6.0,0.3,Ordinaria,2024-05-12
435.0,15.0,1.5,Ordinaria,2023-10-24
436.0,30.0,9.9,Ordinaria,2024-09-23
436.0,7.0,4.9,Extraordinaria,2023-11-09
437.0,21.0,5.2,Ordinaria,2023-06-21
437.0,5.0,3.4,Ordinaria,2024-01-26
437.0,14.0,6.0,Ordinaria,2024-12-30
438.0,4.0,8.1,Ordinaria,2023-11-23
438.0,22.0,0.6,Ordinaria,2024-08-06
438.0,17.0,3.0,Ordinaria,2024-12-01
439.0,28.0,8.9,Ordinaria,2025-01-17
439.0,23.0,0.9,Extraordinaria,2024-02-02
440.0,23.0,5.2,Ordinaria,1997-09-02
440.0,19.0,6.1,Extraordinaria,2024-11-06
440.0,26.0,4.9,Extraordinaria,2024-09-25
441.0,26.0,0.4,Extraordinaria,2025-04-12
441.0,16.0,1.1,Ordinaria,2023-10-31
441.0,10.0,5.6,Extraordinaria,2024-11-11
442.0,16.0,3.0,Ordinaria,2023-10-18
442.0,11.0,0.9,Ordinaria,2024-07-23
442.0,15.0,7.2,Ordinaria,2024-11-21
443.0,29.0,1.6,Ordinaria,2023-08-19
443.0,5.0,5.2,Ordinaria,2024-06-11
444.0,22.0,1.9,Ordinaria,2023-07-05
445.0,25.0,1.6,Ordinaria,2024-10-30
445.0,12.0,5.6,Extraordinaria,2025-04-07
446.0,10.0,3.4,Extraordinaria,2024-08-30
446.0,17.0,2.7,Extraordinaria,2025-04-02
448.0,1.0,8.2,Ordinaria,2024-12-02
448.0,10.0,4.5,Ordinaria,2023-11-28
448.0,3.0,3.1,Ordinaria,2024-04-12
449.0,18.0,5.9,Extraordinaria,2023-12-08
449.0,24.0,0.8,Extraordinaria,2024-09-19
449.0,28.0,2.8,Ordinaria,2025-04-10
450.0,26.0,4.4,Ordinaria,2023-10-13
450.0,17.0,7.9,Extraordinaria,2025-01-25
450.0,25.0,6.5,Ordinaria,2024-06-29
451.0,4.0,9.4,Extraordinaria,2025-01-21
451.0,7.0,6.1,Ordinaria,2024-11-15
451.0,2.0,0.3,Ordinaria,2024-02-15
452.0,4.0,9.7,Ordinaria,2024-07-13
452.0,24.0,7.1,Ordinaria,2023-10-01
452.0,1.0,2.8,Extraordinaria,2023-08-14
453.0,17.0,6.4,Ordinaria,2023-05-29
453.0,13.0,2.4,Ordinaria,2023-08-30
453.0,2.0,0.0,Ordinaria,2023-07-14
454.0,1.0,7.6,Ordinaria,2024-03-31
454.0,17.0,3.8,Ordinaria,2024-10-06
455.0,22.0,1.0,Extraordinaria,2023-10-14
455.0,20.0,7.6,Extraordinaria,2024-11-14
455.0,28.0,1.3,Ordinaria,2023-10-18
456.0,11.0,0.7,Extraordinaria,2025-05-02
456.0,30.0,6.4,Ordinaria,2023-08-06
457.0,4.0,4.4,Ordinaria,2024-05-16
457.0,29.0,6.2,Extraordinaria,2023-11-05
457.0,11.0,5.0,Extraordinaria,2024-07-18
458.0,26.0,9.8,Extraordinaria,2025-02-07
458.0,15.0,7.8,Ordinaria,2024-07-14
458.0,12.0,4.0,Ordinaria,2023-11-25
459.0,19.0,1.0,Extraordinaria,2024-01-10
459.0,7.0,7.5,Extraordinaria,2023-09-02
459.0,30.0,0.2,Ordinaria,2025-02-12
460.0,19.0,6.2,Extraordinaria,2024-05-15
460.0,15.0,8.7,Ordinaria,2023-07-11
460.0,20.0,8.0,Ordinaria,2024-07-29
461.0,25.0,1.5,Extraordinaria,2024-04-14
461.0,17.0,5.0,Extraordinaria,2024-03-04
461.0,6.0,4.5,Ordinaria,2024-05-25
463.0,6.0,1.5,Ordinaria,2024-04-18
463.0,21.0,4.8,Ordinaria,2024-05-25
463.0,22.0,3.4,Extraordinaria,2025-01-02
464.0,6.0,9.5,Ordinaria,2023-11-11
464.0,12.0,0.5,Extraordinaria,2023-06-18
464.0,25.0,2.5,Ordinaria,2023-10-14
465.0,28.0,0.2,Ordinaria,2023-08-12
465.0,19.0,1.6,Ordinaria,2023-12-09
465.0,8.0,8.6,Ordinaria,2023-07-04
466.0,29.0,10.0,Ordinaria,2023-05-23
466.0,24.0,7.1,Ordinaria,2023-06-25
466.0,3.0,8.5,Ordinaria,2023-07-14
467.0,25.0,9.4,Ordinaria,2024-06-21
467.0,10.0,8.5,Ordinaria,2023-07-29
467.0,30.0,4.8,Extraordinaria,2024-05-31
468.0,22.0,0.6,Ordinaria,2023-06-09
468.0,5.0,9.8,Extraordinaria,2024-07-30
468.0,27.0,1.1,Ordinaria,2025-01-15
469.0,11.0,9.3,Extraordinaria,2024-03-03
469.0,8.0,4.2,Ordinaria,2023-05-17
469.0,28.0,1.2,Ordinaria,2025-05-06
470.0,9.0,5.6,Ordinaria,2023-06-08
470.0,8.0,5.0,Extraordinaria,2024-05-30
471.0,12.0,0.0,Ordinaria,2024-04-07
471.0,22.0,1.5,Ordinaria,2024-11-26
472.0,14.0,5.3,Ordinaria,2023-09-09
472.0,6.0,0.0,Extraordinaria,2024-11-27
474.0,2.0,0.6,Ordinaria,2023-08-31
474.0,18.0,10.0,Extraordinaria,2023-11-28
475.0,4.0,7.5,Extraordinaria,2024-06-22
476.0,17.0,7.3,Ordinaria,2024-08-07
476.0,26.0,5.6,Ordinaria,1997-08-24
476.0,15.0,6.4,Ordinaria,2024-07-21
477.0,28.0,3.7,Ordinaria,2025-04-05
477.0,22.0,3.3,Ordinaria,2024-03-22
478.0,27.0,5.4,Extraordinaria,2025-03-26
479.0,26.0,7.1,Ordinaria,2025-01-21
479.0,8.0,4.7,Extraordinaria,2023-11-17
480.0,3.0,3.4,Ordinaria,2024-03-08
480.0,9.0,2.1,Ordinaria,2024-08-25
480.0,13.0,6.5,Extraordinaria,2023-12-14
481.0,23.0,7.0,Extraordinaria,2025-05-08
481.0,29.0,3.2,Ordinaria,2025-03-29
481.0,22.0,7.1,Extraordinaria,2025-02-02
482.0,7.0,6.5,Extraordinaria,2025-03-27
483.0,28.0,9.2,Extraordinaria,1997-05-01
483.0,7.0,7.8,Extraordinaria,2024-10-13
484.0,8.0,6.1,Extraordinaria,2025-03-14
484.0,26.0,4.5,Extraordinaria,2023-05-23
484.0,6.0,4.2,Extraordinaria,2023-12-23
485.0,7.0,7.0,Ordinaria,2025-02-05
485.0,11.0,0.2,Ordinaria,2023-07-23
485.0,14.0,2.8,Ordinaria,2024-11-07
486.0,25.0,5.2,Extraordinaria,2025-02-13
486.0,23.0,0.5,Extraordinaria,2023-07-20
486.0,11.0,4.4,Ordinaria,2024-02-21
487.0,16.0,4.2,Extraordinaria,2024-04-08
487.0,9.0,0.2,Extraordinaria,2023-09-16
487.0,5.0,0.3,Ordinaria,2025-02-09
488.0,30.0,6.8,Extraordinaria,2024-05-20
488.0,3.0,3.8,Extraordinaria,2023-12-10
488.0,19.0,7.5,Ordinaria,2024-04-11
489.0,8.0,0.9,Extraordinaria,2025-04-26
489.0,21.0,8.5,Ordinaria,2024-03-11
489.0,26.0,1.6,Extraordinaria,2024-03-13
490.0,2.0,4.8,Ordinaria,2025-05-04
490.0,30.0,10.0,Extraordinaria,2023-08-08
491.0,28.0,7.1,Extraordinaria,2023-09-19
491.0,17.0,0.1,Extraordinaria,2024-08-13
491.0,23.0,7.6,Extraordinaria,2025-02-15
492.0,17.0,0.0,Ordinaria,2024-07-26
493.0,20.0,7.7,Extraordinaria,2023-11-14
493.0,12.0,8.6,Extraordinaria,1996-02-12
493.0,8.0,0.2,Extraordinaria,2025-05-16
494.0,26.0,9.7,Extraordinaria,2025-04-16
494.0,20.0,4.4,Ordinaria,2024-03-11
495.0,6.0,8.3,Ordinaria,2023-06-21
495.0,28.0,0.0,Extraordinaria,2024-12-22
496.0,4.0,0.9,Ordinaria,2024-10-18
496.0,16.0,9.2,Ordinaria,2023-12-20
496.0,20.0,2.8,Extraordinaria,2024-08-30
497.0,7.0,0.9,Extraordinaria,2024-09-11
497.0,13.0,3.7,Extraordinaria,2024-04-09
497.0,20.0,9.9,Ordinaria,2025-05-11
498.0,21.0,2.8,Extraordinaria,2023-06-22
498.0,27.0,2.5,Extraordinaria,2024-05-20
499.0,13.0,3.9,Ordinaria,2024-02-18
499.0,9.0,6.0,Extraordinaria,2024-07-07
499.0,7.0,4.5,Ordinaria,2025-01-27
500.0,28.0,3.4,Extraordinaria,2023-11-06
500.0,8.0,0.0,Extraordinaria,2023-10-17
501.0,9.0,8.8,Extraordinaria,2025-01-17
501.0,16.0,7.9,Ordinaria,2023-11-09
502.0,1.0,2.1,Extraordinaria,2023-08-31
502.0,11.0,6.7,Ordinaria,2024-04-11
502.0,18.0,7.1,Ordinaria,2024-03-01
503.0,3.0,8.4,Extraordinaria,2023-12-25
503.0,4.0,6.3,Extraordinaria,2025-04-03
503.0,13.0,3.9,Ordinaria,2025-03-10
504.0,10.0,2.5,Ordinaria,2024-06-12
504.0,14.0,9.5,Extraordinaria,2023-09-28
505.0,29.0,5.3,Extraordinaria,2024-12-09
505.0,1.0,6.8,Ordinaria,2023-12-02
506.0,26.0,5.7,Extraordinaria,2024-10-15
506.0,4.0,9.2,Extraordinaria,2024-03-12
506.0,16.0,7.5,Ordinaria,2023-10-21
507.0,22.0,8.3,Ordinaria,2025-01-26
507.0,7.0,5.4,Ordinaria,2024-04-11
507.0,23.0,2.7,Extraordinaria,2025-04-02
508.0,7.0,6.6,Ordinaria,2024-01-07
508.0,18.0,8.4,Ordinaria,2024-05-18
508.0,16.0,7.8,Extraordinaria,2024-03-25
509.0,2.0,8.7,Ordinaria,2024-07-09
509.0,9.0,4.0,Extraordinaria,2024-03-11
510.0,2.0,6.7,Extraordinaria,2023-12-05
510.0,28.0,6.6,Ordinaria,2023-08-31
511.0,18.0,3.2,Extraordinaria,2002-10-09
511.0,22.0,9.6,Extraordinaria,2023-05-30
511.0,28.0,3.2,Ordinaria,2025-02-01
512.0,21.0,7.7,Ordinaria,2024-06-11
512.0,7.0,3.1,Ordinaria,2023-11-22
512.0,4.0,9.3,Ordinaria,2024-01-05
513.0,24.0,6.9,Extraordinaria,2024-08-26
513.0,9.0,1.5,Extraordinaria,2024-05-17
513.0,18.0,3.2,Ordinaria,2023-07-08
514.0,21.0,2.0,Extraordinaria,2024-05-21
514.0,18.0,3.3,Extraordinaria,2025-02-17
514.0,22.0,7.3,Extraordinaria,2023-12-05
515.0,18.0,5.5,Extraordinaria,2025-04-16
515.0,21.0,8.8,Ordinaria,2024-06-23
515.0,12.0,2.3,Extraordinaria,2024-08-31
516.0,30.0,2.9,Extraordinaria,2023-12-21
516.0,18.0,4.2,Extraordinaria,2024-05-24
516.0,14.0,4.8,Ordinaria,2025-02-21
517.0,26.0,1.2,Ordinaria,2024-12-09
517.0,4.0,0.5,Extraordinaria,2025-01-28
517.0,17.0,8.0,Extraordinaria,2024-08-18
518.0,11.0,0.4,Ordinaria,2025-02-11
518.0,21.0,3.8,Ordinaria,2024-01-03
519.0,2.0,5.1,Ordinaria,2024-06-21
519.0,10.0,10.0,Extraordinaria,2024-01-12
519.0,4.0,8.2,Ordinaria,2023-10-26
520.0,20.0,0.7,Extraordinaria,2023-07-26
520.0,6.0,6.2,Extraordinaria,2023-08-17
520.0,5.0,4.6,Extraordinaria,2024-05-30
521.0,5.0,6.8,Ordinaria,2024-02-18
521.0,10.0,6.4,Extraordinaria,2023-07-29
521.0,19.0,4.5,Ordinaria,2025-05-11
522.0,4.0,2.7,Ordinaria,2023-08-16
522.0,15.0,9.0,Extraordinaria,2024-01-29
522.0,1.0,4.6,Ordinaria,2024-05-20
523.0,23.0,5.8,Extraordinaria,2024-06-02
523.0,15.0,3.9,Extraordinaria,2024-10-14
523.0,10.0,4.0,Extraordinaria,2024-08-07
524.0,1.0,0.7,Ordinaria,2023-11-14
524.0,6.0,3.6,Extraordinaria,2024-03-16
525.0,19.0,7.6,Extraordinaria,2024-02-27
525.0,11.0,5.5,Ordinaria,2023-11-07
525.0,12.0,1.7,Extraordinaria,2023-11-01
526.0,3.0,7.0,Ordinaria,2024-07-29
527.0,22.0,3.9,Extraordinaria,2025-03-15
527.0,10.0,2.8,Extraordinaria,2024-06-02
527.0,1.0,9.5,Ordinaria,2023-06-02
528.0,23.0,8.4,Ordinaria,2024-01-02
528.0,14.0,1.1,Ordinaria,2024-06-25
528.0,29.0,1.4,Ordinaria,2025-04-26
529.0,14.0,8.4,Ordinaria,2024-06-21
529.0,27.0,0.9,Extraordinaria,2025-01-27
530.0,4.0,0.0,Extraordinaria,2023-07-06
530.0,9.0,9.6,Extraordinaria,2023-07-19
530.0,12.0,9.8,Extraordinaria,2024-02-07
531.0,22.0,1.9,Extraordinaria,2002-06-19
531.0,23.0,7.4,Extraordinaria,2024-10-02
531.0,4.0,7.8,Ordinaria,2023-12-03
532.0,5.0,6.0,Extraordinaria,2023-08-12
533.0,2.0,2.3,Ordinaria,2024-07-21
533.0,10.0,3.0,Ordinaria,2023-10-26
534.0,5.0,6.4,Extraordinaria,2024-05-15
534.0,30.0,5.1,Ordinaria,2023-09-16
535.0,19.0,6.8,Extraordinaria,2023-05-27
535.0,2.0,4.9,Ordinaria,2024-06-09
536.0,5.0,7.6,Ordinaria,2025-04-12
536.0,24.0,2.6,Ordinaria,2023-10-26
537.0,9.0,3.2,Extraordinaria,2024-11-13
538.0,8.0,0.2,Extraordinaria,2023-08-14
538.0,17.0,0.4,Extraordinaria,2024-10-28
538.0,27.0,4.8,Extraordinaria,2023-08-31
539.0,27.0,9.4,Extraordinaria,2023-10-11
539.0,20.0,2.5,Extraordinaria,2023-10-23
540.0,10.0,6.2,Extraordinaria,2024-11-25
540.0,19.0,9.5,Extraordinaria,2023-07-27
540.0,12.0,6.4,Ordinaria,2025-02-05
541.0,8.0,8.1,Ordinaria,2024-12-30
541.0,28.0,5.4,Extraordinaria,2024-07-09
542.0,4.0,7.1,Ordinaria,2023-08-10
543.0,26.0,2.3,Ordinaria,2024-08-19
543.0,22.0,8.6,Ordinaria,2024-02-23
543.0,6.0,5.3,Ordinaria,2024-07-22
544.0,9.0,9.6,Ordinaria,2023-11-04
544.0,21.0,4.9,Extraordinaria,2023-07-17
545.0,29.0,5.2,Ordinaria,2023-06-19
545.0,18.0,10.0,Extraordinaria,2023-05-27
546.0,5.0,4.5,Ordinaria,2023-06-09
546.0,6.0,6.2,Ordinaria,2024-11-14
546.0,28.0,4.7,Ordinaria,2024-07-20
547.0,5.0,1.6,Extraordinaria,2024-08-20
548.0,4.0,8.8,Ordinaria,2025-01-10
548.0,21.0,2.4,Ordinaria,2024-08-26
549.0,14.0,5.5,Extraordinaria,2025-02-08
549.0,5.0,5.2,Extraordinaria,2023-06-02
549.0,20.0,9.0,Extraordinaria,2024-03-07
550.0,3.0,2.2,Ordinaria,2024-03-26
550.0,19.0,6.4,Extraordinaria,2025-02-07
550.0,21.0,9.7,Ordinaria,2024-02-09
551.0,3.0,5.2,Ordinaria,2024-05-30
551.0,28.0,5.3,Extraordinaria,2024-12-12
552.0,27.0,9.8,Extraordinaria,2025-01-03
552.0,14.0,4.0,Extraordinaria,2023-10-25
553.0,14.0,1.7,Ordinaria,2023-10-14
553.0,12.0,7.0,Extraordinaria,2024-10-27
553.0,26.0,1.8,Extraordinaria,2023-06-19
554.0,5.0,2.8,Extraordinaria,2023-08-30
554.0,4.0,1.7,Ordinaria,2025-03-05
554.0,18.0,4.6,Ordinaria,2024-08-06
555.0,4.0,3.2,Ordinaria,2023-07-26
555.0,18.0,3.7,Ordinaria,2023-12-14
555.0,25.0,4.4,Extraordinaria,2024-10-25
556.0,21.0,0.1,Extraordinaria,2023-09-07
556.0,23.0,0.4,Ordinaria,2024-12-19
557.0,23.0,8.4,Ordinaria,2025-01-18
557.0,13.0,5.3,Ordinaria,2024-10-18
557.0,16.0,0.8,Extraordinaria,2023-10-11
558.0,6.0,9.3,Extraordinaria,2024-09-25
558.0,25.0,2.3,Ordinaria,2025-05-12
558.0,27.0,0.2,Ordinaria,2024-10-06
559.0,28.0,2.1,Extraordinaria,2024-03-05
559.0,12.0,0.0,Ordinaria,2024-09-08
559.0,8.0,0.7,Ordinaria,2024-07-01
560.0,29.0,9.2,Ordinaria,2025-03-17
560.0,21.0,5.6,Ordinaria,2025-03-13
561.0,2.0,4.0,Ordinaria,2024-12-21
562.0,5.0,0.3,Extraordinaria,2024-05-07
562.0,12.0,0.5,Extraordinaria,2025-02-26
563.0,17.0,7.3,Extraordinaria,2023-09-17
563.0,22.0,4.6,Ordinaria,2025-04-25
563.0,16.0,2.4,Extraordinaria,2024-02-20
564.0,1.0,1.7,Ordinaria,2024-11-04
564.0,20.0,8.9,Ordinaria,2023-06-09
565.0,30.0,8.5,Extraordinaria,2024-06-28
566.0,1.0,4.8,Ordinaria,2023-09-29
567.0,17.0,3.0,Extraordinaria,2023-12-29
567.0,16.0,4.5,Extraordinaria,2023-06-04
567.0,9.0,8.4,Ordinaria,2024-10-02
568.0,12.0,9.3,Extraordinaria,2025-04-14
568.0,9.0,8.7,Ordinaria,2024-07-04
569.0,20.0,6.2,Extraordinaria,2024-07-27
569.0,1.0,8.7,Ordinaria,2023-12-05
570.0,12.0,3.0,Extraordinaria,2024-08-07
570.0,11.0,6.5,Extraordinaria,2025-04-27
570.0,15.0,1.5,Ordinaria,2024-02-29
571.0,4.0,0.6,Ordinaria,2024-07-18
571.0,13.0,6.4,Ordinaria,2024-07-10
572.0,7.0,4.8,Ordinaria,2023-06-18
573.0,8.0,9.1,Ordinaria,2023-09-07
573.0,5.0,3.9,Ordinaria,2001-05-02
573.0,23.0,4.8,Extraordinaria,2024-04-13
574.0,5.0,5.3,Extraordinaria,2023-06-29
574.0,21.0,5.0,Ordinaria,2023-12-19
574.0,20.0,2.7,Extraordinaria,2023-06-02
575.0,14.0,0.7,Ordinaria,2023-06-24
575.0,15.0,1.4,Ordinaria,2024-02-26
575.0,29.0,5.4,Extraordinaria,2023-11-08
576.0,18.0,0.0,Extraordinaria,2023-07-04
576.0,8.0,9.2,Extraordinaria,2025-01-23
577.0,3.0,6.6,Extraordinaria,2023-07-19
577.0,12.0,9.5,Ordinaria,2003-11-28
578.0,15.0,9.1,Ordinaria,2023-06-19
578.0,22.0,4.9,Extraordinaria,2024-09-11
578.0,23.0,7.3,Ordinaria,2025-01-13
579.0,12.0,8.8,Ordinaria,2024-04-13
579.0,22.0,2.7,Extraordinaria,2024-12-04
580.0,4.0,7.6,Extraordinaria,2024-04-10
580.0,12.0,3.9,Extraordinaria,2024-06-25
581.0,12.0,0.5,Ordinaria,2024-10-08
581.0,3.0,4.9,Ordinaria,2023-12-08
581.0,9.0,5.1,Extraordinaria,2025-03-31
582.0,3.0,9.9,Ordinaria,2003-10-23
582.0,26.0,5.5,Ordinaria,2024-06-10
582.0,25.0,4.6,Ordinaria,2025-01-18
583.0,8.0,0.0,Extraordinaria,2023-05-17
583.0,14.0,9.0,Extraordinaria,2025-04-24
584.0,27.0,0.0,Ordinaria,2023-09-15
584.0,4.0,8.0,Ordinaria,2024-03-26
585.0,8.0,6.8,Ordinaria,2023-05-31
585.0,21.0,3.6,Extraordinaria,2023-09-12
586.0,4.0,3.6,Extraordinaria,2024-04-20
586.0,5.0,8.2,Extraordinaria,2024-04-30
587.0,4.0,9.3,Ordinaria,2024-10-21
587.0,2.0,4.9,Extraordinaria,2024-01-21
588.0,10.0,7.3,Extraordinaria,2024-05-07
588.0,25.0,1.8,Extraordinaria,2023-11-30
588.0,19.0,5.0,Extraordinaria,2023-10-08
589.0,30.0,10.0,Extraordinaria,1997-12-30
589.0,23.0,3.9,Ordinaria,2025-01-01
589.0,13.0,6.6,Ordinaria,2024-01-03
590.0,17.0,0.0,Extraordinaria,2024-09-04
590.0,9.0,4.7,Extraordinaria,2024-05-12
591.0,25.0,9.2,Ordinaria,1997-09-06
591.0,26.0,2.3,Ordinaria,2023-06-08
591.0,4.0,9.9,Extraordinaria,2024-05-25
592.0,8.0,5.4,Ordinaria,2025-01-20
592.0,7.0,9.8,Extraordinaria,2025-02-16
593.0,17.0,9.8,Extraordinaria,2025-04-18
593.0,1.0,4.3,Ordinaria,2024-02-29
593.0,8.0,5.0,Extraordinaria,2024-10-16
594.0,3.0,10.0,Ordinaria,2023-07-24
594.0,28.0,8.4,Ordinaria,2023-12-16
595.0,12.0,4.9,Ordinaria,2023-08-22
595.0,30.0,8.9,Extraordinaria,2025-04-09
595.0,23.0,8.0,Extraordinaria,2025-03-22
596.0,22.0,9.1,Extraordinaria,2024-07-09
596.0,2.0,9.1,Ordinaria,2023-08-22
597.0,24.0,9.3,Ordinaria,2025-02-02
597.0,11.0,1.9,Extraordinaria,2024-05-07
597.0,13.0,5.6,Ordinaria,2025-03-21
598.0,25.0,9.1,Ordinaria,2024-09-09
598.0,8.0,9.7,Ordinaria,2024-09-29
598.0,20.0,5.4,Ordinaria,2023-11-11
599.0,11.0,7.7,Extraordinaria,2024-01-18
599.0,30.0,3.5,Extraordinaria,2024-10-13
599.0,8.0,1.8,Ordinaria,2025-01-17
600.0,7.0,2.3,Ordinaria,2024-01-13
600.0,13.0,8.9,Extraordinaria,2023-10-27
600.0,3.0,1.4,Ordinaria,2023-10-28
601.0,26.0,4.8,Extraordinaria,2023-09-30
601.0,22.0,7.3,Extraordinaria,2025-04-26
602.0,2.0,8.7,Extraordinaria,2025-01-13
602.0,25.0,7.4,Extraordinaria,2023-06-25
602.0,17.0,6.1,Extraordinaria,2024-03-06
603.0,10.0,7.5,Extraordinaria,2024-03-23
603.0,25.0,8.5,Extraordinaria,2025-04-13
603.0,20.0,5.0,Extraordinaria,2023-11-29
604.0,25.0,7.9,Extraordinaria,2025-04-10
604.0,17.0,7.4,Extraordinaria,2023-05-31
605.0,26.0,8.2,Extraordinaria,2023-05-30
605.0,10.0,2.7,Extraordinaria,2024-10-26
606.0,26.0,0.1,Ordinaria,2023-07-12
606.0,29.0,7.3,Extraordinaria,2024-03-31
607.0,5.0,6.8,Ordinaria,2025-02-18
607.0,27.0,0.8,Extraordinaria,2023-07-31
607.0,19.0,7.8,Extraordinaria,2024-09-18
608.0,14.0,6.1,Extraordinaria,2024-04-05
608.0,4.0,5.4,Ordinaria,2023-07-01
608.0,16.0,5.4,Extraordinaria,2024-05-13
609.0,18.0,5.4,Ordinaria,2025-01-31
609.0,24.0,0.0,Extraordinaria,2023-10-18
610.0,9.0,9.3,Ordinaria,2024-12-06
610.0,8.0,1.6,Extraordinaria,1998-06-17
611.0,10.0,8.3,Ordinaria,2023-05-17
611.0,26.0,5.8,Ordinaria,2023-06-12
611.0,24.0,5.0,Extraordinaria,2024-08-25
612.0,7.0,0.6,Ordinaria,2023-06-21
612.0,28.0,2.4,Ordinaria,2024-07-23
612.0,19.0,9.5,Extraordinaria,2023-07-08
613.0,17.0,0.4,Ordinaria,2024-04-24
613.0,29.0,9.6,Ordinaria,2023-10-16
613.0,20.0,1.4,Extraordinaria,2024-04-27
614.0,7.0,7.2,Extraordinaria,2024-01-30
614.0,8.0,9.4,Extraordinaria,2023-12-13
614.0,29.0,9.4,Extraordinaria,2025-01-15
615.0,10.0,7.9,Ordinaria,2023-09-18
615.0,20.0,7.4,Ordinaria,2023-08-21
615.0,3.0,3.2,Ordinaria,2023-11-22
616.0,24.0,3.3,Extraordinaria,2023-10-19
616.0,21.0,6.1,Ordinaria,2025-04-21
617.0,19.0,4.7,Extraordinaria,2023-12-03
617.0,6.0,9.6,Ordinaria,2024-12-06
618.0,26.0,1.6,Extraordinaria,2025-04-24
618.0,18.0,3.9,Ordinaria,2025-04-03
619.0,18.0,1.8,Ordinaria,2024-11-09
619.0,8.0,4.1,Extraordinaria,2024-04-04
619.0,26.0,4.7,Ordinaria,2024-05-03
620.0,30.0,0.1,Ordinaria,2024-01-25
620.0,25.0,1.1,Ordinaria,2024-09-01
621.0,8.0,4.3,Extraordinaria,2024-09-18
621.0,28.0,7.3,Extraordinaria,2024-02-18
621.0,24.0,4.3,Ordinaria,2023-07-03
622.0,6.0,0.7,Ordinaria,2023-06-09
622.0,5.0,0.7,Ordinaria,2025-01-13
622.0,17.0,1.8,Ordinaria,2023-08-09
623.0,24.0,4.9,Extraordinaria,2024-01-03
623.0,6.0,1.2,Ordinaria,2024-03-18
624.0,27.0,6.1,Extraordinaria,2024-02-20
625.0,13.0,3.0,Ordinaria,2024-11-24
625.0,14.0,4.7,Ordinaria,2024-02-23
626.0,26.0,5.6,Extraordinaria,2024-01-17
626.0,20.0,2.2,Extraordinaria,2024-01-12
626.0,5.0,9.5,Extraordinaria,2023-12-14
627.0,29.0,8.3,Extraordinaria,2023-08-12
627.0,14.0,7.2,Ordinaria,2025-05-07
627.0,17.0,0.2,Ordinaria,2024-08-03
628.0,27.0,4.3,Extraordinaria,2024-02-27
628.0,28.0,5.1,Extraordinaria,2024-02-08
629.0,10.0,9.6,Ordinaria,2023-06-23
629.0,7.0,4.8,Extraordinaria,2024-06-04
629.0,15.0,2.2,Ordinaria,2025-01-29
630.0,16.0,7.7,Extraordinaria,2024-12-01
630.0,29.0,8.0,Extraordinaria,2023-12-11
630.0,9.0,5.6,Ordinaria,2023-11-05
631.0,26.0,0.0,Ordinaria,2023-08-30
631.0,13.0,3.7,Extraordinaria,2025-03-18
631.0,17.0,3.9,Ordinaria,2023-07-22
632.0,13.0,5.2,Extraordinaria,2023-07-25
632.0,28.0,9.5,Extraordinaria,2024-06-17
632.0,7.0,1.9,Ordinaria,2024-11-16
633.0,21.0,0.0,Extraordinaria,2024-06-13
633.0,6.0,4.3,Extraordinaria,2024-03-07
633.0,19.0,2.6,Ordinaria,2024-09-30
634.0,24.0,3.6,Ordinaria,2024-01-17
634.0,12.0,6.2,Ordinaria,2024-08-13
635.0,25.0,3.0,Extraordinaria,2023-08-09
635.0,16.0,6.4,Extraordinaria,2023-06-16
635.0,20.0,10.0,Ordinaria,2023-12-26
636.0,2.0,2.4,Extraordinaria,2023-10-25
636.0,25.0,3.1,Extraordinaria,2024-08-11
636.0,6.0,0.7,Ordinaria,2025-03-08
637.0,7.0,6.1,Ordinaria,2024-04-05
637.0,29.0,7.9,Ordinaria,2023-06-13
637.0,24.0,4.0,Extraordinaria,2023-12-21
638.0,16.0,4.5,Extraordinaria,2023-09-05
638.0,29.0,1.8,Extraordinaria,2024-08-19
639.0,30.0,8.0,Ordinaria,2024-06-10
639.0,7.0,3.8,Ordinaria,2024-07-07
639.0,5.0,9.8,Ordinaria,2024-08-15
640.0,29.0,9.0,Ordinaria,2025-01-01
640.0,4.0,6.8,Extraordinaria,2025-02-04
641.0,17.0,6.6,Extraordinaria,2024-04-20
641.0,1.0,0.6,Extraordinaria,2025-04-24
642.0,7.0,1.2,Ordinaria,2023-07-08
642.0,3.0,10.0,Extraordinaria,2024-08-01
642.0,13.0,0.6,Ordinaria,2024-07-27
643.0,1.0,9.3,Ordinaria,2024-07-27
643.0,3.0,3.7,Ordinaria,2024-08-19
644.0,1.0,0.0,Extraordinaria,2025-05-01
645.0,5.0,1.9,Ordinaria,2024-12-02
645.0,11.0,8.0,Extraordinaria,2023-12-17
646.0,30.0,4.0,Ordinaria,2023-12-13
646.0,3.0,5.6,Ordinaria,2024-12-10
646.0,29.0,8.5,Extraordinaria,2024-08-29
647.0,24.0,6.2,Ordinaria,2025-03-01
647.0,5.0,9.8,Ordinaria,2024-12-26
647.0,25.0,1.8,Extraordinaria,2024-01-16
648.0,17.0,1.9,Ordinaria,2025-01-24
648.0,10.0,8.9,Extraordinaria,2023-09-08
648.0,9.0,2.1,Extraordinaria,2025-01-22
649.0,18.0,0.0,Extraordinaria,2024-08-21
649.0,17.0,0.0,Ordinaria,2025-01-08
650.0,3.0,7.1,Extraordinaria,2024-04-13
651.0,8.0,1.3,Ordinaria,2024-01-29
651.0,1.0,1.2,Ordinaria,2025-04-02
651.0,18.0,0.7,Extraordinaria,2023-07-28
652.0,17.0,6.3,Ordinaria,2023-05-23
652.0,11.0,9.8,Ordinaria,2025-05-09
653.0,18.0,5.3,Ordinaria,2024-09-19
654.0,13.0,7.9,Extraordinaria,2024-10-25
654.0,18.0,7.1,Ordinaria,2024-09-01
654.0,4.0,9.5,Extraordinaria,2024-04-04
655.0,15.0,5.3,Ordinaria,2024-03-20
655.0,22.0,4.2,Ordinaria,2024-08-09
655.0,18.0,0.8,Extraordinaria,2025-03-19
656.0,17.0,5.9,Extraordinaria,2023-06-30
656.0,12.0,3.4,Ordinaria,2024-10-18
656.0,10.0,2.2,Ordinaria,2024-09-29
657.0,6.0,8.3,Ordinaria,2024-08-20
657.0,22.0,9.7,Extraordinaria,2023-09-09
658.0,15.0,8.2,Ordinaria,2025-04-08
658.0,18.0,3.8,Ordinaria,2024-11-24
658.0,3.0,10.0,Extraordinaria,2024-03-20
659.0,27.0,0.2,Ordinaria,2024-10-06
659.0,3.0,8.1,Ordinaria,2024-10-10
659.0,28.0,7.2,Extraordinaria,2023-08-05
660.0,19.0,1.7,Ordinaria,2024-01-01
660.0,6.0,8.8,Extraordinaria,2024-12-29
660.0,3.0,6.8,Ordinaria,2025-02-22
661.0,24.0,1.4,Extraordinaria,2024-08-13
661.0,6.0,7.0,Ordinaria,2023-11-03
662.0,30.0,10.0,Extraordinaria,1996-06-07
662.0,28.0,1.2,Ordinaria,2024-04-21
663.0,7.0,4.3,Ordinaria,2023-12-25
663.0,9.0,9.9,Extraordinaria,2024-04-25
664.0,22.0,9.9,Extraordinaria,2004-01-11
664.0,15.0,0.1,Extraordinaria,2025-04-04
666.0,16.0,3.0,Extraordinaria,2025-04-23
666.0,22.0,2.6,Extraordinaria,2023-07-04
666.0,23.0,10.0,Extraordinaria,2023-06-23
667.0,6.0,1.7,Ordinaria,2024-05-25
667.0,4.0,6.0,Extraordinaria,2024-09-21
667.0,25.0,7.2,Extraordinaria,2024-09-04
668.0,12.0,8.5,Extraordinaria,2025-01-03
668.0,29.0,7.1,Extraordinaria,2024-12-29
668.0,25.0,8.6,Ordinaria,2025-03-01
669.0,17.0,1.2,Extraordinaria,2023-07-03
669.0,20.0,0.4,Extraordinaria,2023-12-04
670.0,30.0,5.2,Extraordinaria,2023-07-09
670.0,13.0,4.1,Extraordinaria,2024-08-30
671.0,26.0,7.5,Ordinaria,2024-03-17
671.0,14.0,8.3,Ordinaria,2024-10-18
671.0,2.0,8.8,Ordinaria,2023-06-13
672.0,20.0,7.6,Ordinaria,2025-05-09
672.0,8.0,0.5,Extraordinaria,2024-08-06
672.0,3.0,2.4,Ordinaria,2024-01-23
673.0,13.0,0.1,Ordinaria,2024-02-04
673.0,16.0,3.2,Ordinaria,2024-07-08
673.0,24.0,4.9,Ordinaria,2024-10-13
674.0,16.0,5.5,Extraordinaria,2025-02-27
674.0,25.0,9.2,Extraordinaria,2024-09-18
675.0,28.0,3.2,Extraordinaria,2024-03-14
675.0,16.0,8.0,Extraordinaria,2025-02-21
676.0,7.0,9.8,Ordinaria,2024-10-20
676.0,16.0,0.0,Extraordinaria,2023-10-21
677.0,11.0,0.9,Extraordinaria,2023-06-18
677.0,24.0,1.9,Ordinaria,2024-11-28
677.0,19.0,4.4,Ordinaria,2024-05-17
678.0,23.0,8.5,Ordinaria,2025-04-23
678.0,27.0,9.1,Ordinaria,2024-09-13
678.0,28.0,8.0,Ordinaria,2025-03-30
679.0,5.0,0.3,Ordinaria,2023-06-02
680.0,4.0,4.7,Extraordinaria,2024-12-29
680.0,11.0,3.9,Ordinaria,2025-02-04
680.0,13.0,9.8,Ordinaria,2023-12-28
681.0,26.0,2.6,Ordinaria,2023-08-09
681.0,17.0,9.1,Ordinaria,2025-05-09
681.0,15.0,2.7,Extraordinaria,2023-11-19
682.0,5.0,2.7,Extraordinaria,2024-07-05
682.0,15.0,5.3,Extraordinaria,2025-03-13
682.0,25.0,4.9,Ordinaria,2024-09-04
683.0,16.0,3.6,Extraordinaria,2024-03-19
683.0,28.0,3.6,Extraordinaria,2025-03-02
684.0,17.0,9.0,Ordinaria,2023-06-15
684.0,24.0,0.3,Ordinaria,2024-07-03
684.0,14.0,4.3,Extraordinaria,2023-06-07
685.0,21.0,7.9,Ordinaria,2024-08-20
685.0,16.0,4.1,Extraordinaria,2025-03-25
686.0,12.0,9.6,Ordinaria,2024-07-05
686.0,25.0,1.3,Extraordinaria,2024-10-27
686.0,29.0,1.6,Extraordinaria,2024-11-24
687.0,11.0,2.7,Extraordinaria,2023-12-03
687.0,8.0,5.1,Extraordinaria,2024-06-21
687.0,7.0,4.5,Extraordinaria,2025-03-29
688.0,9.0,7.8,Extraordinaria,2025-04-10
688.0,19.0,1.3,Extraordinaria,2024-05-18
689.0,22.0,6.4,Extraordinaria,2024-10-07
689.0,3.0,1.9,Extraordinaria,2023-09-15
690.0,3.0,7.0,Extraordinaria,2023-11-12
690.0,16.0,9.1,Extraordinaria,2024-01-30
691.0,2.0,8.2,Extraordinaria,2023-08-12
691.0,1.0,5.9,Ordinaria,2024-04-16
691.0,19.0,2.1,Ordinaria,2024-12-06
692.0,9.0,4.5,Ordinaria,2024-11-29
692.0,13.0,8.0,Ordinaria,2024-02-20
692.0,29.0,8.5,Ordinaria,2023-12-05
693.0,16.0,1.2,Ordinaria,2024-09-12
693.0,11.0,7.7,Ordinaria,2024-11-10
693.0,7.0,3.0,Extraordinaria,2024-11-03
694.0,24.0,2.0,Ordinaria,2023-12-09
694.0,30.0,7.3,Ordinaria,2024-09-22
694.0,17.0,6.5,Ordinaria,2024-10-29
695.0,2.0,10.0,Ordinaria,2023-08-10
695.0,15.0,3.3,Ordinaria,2025-02-09
695.0,10.0,0.3,Ordinaria,2024-07-27
696.0,5.0,0.2,Extraordinaria,2024-07-01
696.0,23.0,0.0,Extraordinaria,2023-10-17
696.0,14.0,6.0,Ordinaria,2025-02-27
697.0,26.0,9.1,Ordinaria,2024-08-12
697.0,23.0,3.4,Extraordinaria,2001-10-07
697.0,12.0,8.7,Ordinaria,2025-04-23
698.0,19.0,4.8,Extraordinaria,2023-06-21
698.0,20.0,0.8,Ordinaria,2024-12-17
698.0,10.0,1.3,Ordinaria,2024-05-22
699.0,30.0,4.3,Ordinaria,2024-06-14
699.0,2.0,2.6,Extraordinaria,2024-06-09
700.0,29.0,0.0,Extraordinaria,2025-01-09
700.0,12.0,0.9,Extraordinaria,2023-07-18
701.0,29.0,8.3,Extraordinaria,2023-12-02
701.0,19.0,2.2,Ordinaria,2024-11-20
701.0,3.0,7.6,Extraordinaria,2003-02-11
702.0,28.0,1.5,Extraordinaria,2023-11-04
702.0,15.0,1.7,Ordinaria,2024-09-08
702.0,23.0,4.4,Ordinaria,2024-07-17
703.0,10.0,8.7,Ordinaria,2023-09-22
703.0,25.0,0.3,Ordinaria,2024-12-31
703.0,20.0,10.0,Ordinaria,2024-01-07
704.0,6.0,8.2,Ordinaria,2024-04-07
704.0,12.0,6.1,Ordinaria,2024-07-03
705.0,3.0,4.2,Extraordinaria,2024-10-13
705.0,21.0,2.4,Ordinaria,2024-10-20
705.0,20.0,2.6,Ordinaria,2023-10-08
706.0,17.0,8.7,Ordinaria,2024-09-10
706.0,25.0,8.8,Ordinaria,2023-07-29
706.0,1.0,7.0,Extraordinaria,2024-11-11
707.0,4.0,8.8,Extraordinaria,2023-07-16
707.0,20.0,5.1,Extraordinaria,2024-12-18
707.0,21.0,5.1,Ordinaria,2024-11-17
708.0,26.0,5.7,Ordinaria,2024-05-04
708.0,11.0,8.1,Extraordinaria,2023-12-04
708.0,17.0,4.3,Extraordinaria,2024-01-15
709.0,15.0,5.7,Extraordinaria,2024-10-06
709.0,5.0,0.4,Ordinaria,2024-11-05
709.0,24.0,9.1,Extraordinaria,2024-05-13
710.0,14.0,4.9,Extraordinaria,2024-08-23
710.0,2.0,6.9,Ordinaria,2024-11-07
710.0,1.0,1.6,Ordinaria,2025-03-17
711.0,17.0,3.4,Extraordinaria,2024-02-06
711.0,22.0,8.9,Ordinaria,2025-01-25
711.0,13.0,9.8,Extraordinaria,2025-02-28
712.0,21.0,4.5,Ordinaria,2024-10-04
712.0,4.0,5.8,Ordinaria,1998-12-08
713.0,7.0,8.0,Extraordinaria,2024-04-21
713.0,24.0,1.4,Ordinaria,2025-03-16
714.0,7.0,5.9,Ordinaria,2023-08-14
715.0,6.0,2.5,Extraordinaria,2023-10-18
715.0,1.0,4.3,Ordinaria,2024-11-20
716.0,12.0,5.6,Extraordinaria,2023-12-13
716.0,10.0,8.8,Ordinaria,2023-11-02
717.0,15.0,3.9,Extraordinaria,2024-08-30
717.0,7.0,0.0,Ordinaria,2024-10-30
718.0,16.0,1.4,Extraordinaria,2024-10-18
718.0,24.0,1.0,Extraordinaria,2023-09-04
719.0,26.0,6.9,Ordinaria,2024-03-23
719.0,8.0,6.5,Ordinaria,2025-05-14
719.0,29.0,7.3,Ordinaria,2023-05-30
720.0,25.0,8.9,Ordinaria,2024-08-01
721.0,30.0,6.4,Extraordinaria,2023-12-05
721.0,23.0,9.1,Ordinaria,2024-05-11
721.0,13.0,3.5,Ordinaria,2023-06-07
722.0,17.0,6.2,Extraordinaria,2023-10-24
723.0,23.0,7.4,Ordinaria,2025-02-22
723.0,3.0,4.1,Ordinaria,2024-07-25
724.0,29.0,5.7,Ordinaria,2024-04-26
724.0,3.0,1.8,Extraordinaria,2025-02-14
724.0,1.0,4.3,Extraordinaria,2023-07-10
725.0,14.0,5.8,Extraordinaria,2024-05-29
726.0,3.0,1.8,Extraordinaria,2024-03-19
726.0,2.0,5.1,Extraordinaria,2023-05-19
726.0,6.0,6.3,Extraordinaria,2024-11-29
727.0,23.0,1.9,Extraordinaria,2025-04-29
727.0,4.0,2.2,Extraordinaria,2024-09-08
727.0,15.0,6.6,Ordinaria,2024-04-12
728.0,8.0,0.5,Ordinaria,2023-11-11
728.0,17.0,9.6,Extraordinaria,2024-08-20
728.0,6.0,1.7,Ordinaria,2025-01-19
729.0,16.0,3.6,Ordinaria,2023-08-17
729.0,1.0,2.8,Ordinaria,2024-12-24
730.0,10.0,6.0,Extraordinaria,2024-04-26
730.0,8.0,5.8,Extraordinaria,2024-10-07
730.0,6.0,7.9,Extraordinaria,2023-07-22
731.0,22.0,8.5,Ordinaria,2023-07-13
731.0,28.0,7.7,Extraordinaria,2024-11-01
732.0,23.0,1.2,Extraordinaria,2024-08-31
732.0,18.0,5.2,Extraordinaria,2025-03-07
732.0,6.0,9.0,Ordinaria,2024-11-05
733.0,13.0,1.3,Ordinaria,2024-04-15
733.0,18.0,4.7,Extraordinaria,2024-12-21
734.0,3.0,6.0,Ordinaria,2025-04-17
734.0,22.0,4.7,Ordinaria,2024-07-17
734.0,29.0,1.9,Extraordinaria,2023-10-24
735.0,5.0,4.0,Ordinaria,2025-05-07
735.0,21.0,6.6,Extraordinaria,2024-02-15
736.0,29.0,0.2,Extraordinaria,2024-10-18
736.0,28.0,7.5,Ordinaria,2024-06-02
737.0,29.0,8.6,Extraordinaria,2024-11-25
737.0,17.0,1.8,Extraordinaria,2024-10-15
737.0,12.0,2.0,Extraordinaria,2023-07-13
738.0,21.0,4.6,Ordinaria,2023-12-22
738.0,9.0,5.4,Extraordinaria,2024-06-01
739.0,6.0,6.9,Extraordinaria,2023-10-28
739.0,21.0,3.7,Ordinaria,2024-09-12
740.0,1.0,2.5,Extraordinaria,2024-09-12
740.0,21.0,7.4,Extraordinaria,2025-03-19
740.0,16.0,3.8,Ordinaria,2024-10-08
741.0,19.0,7.7,Ordinaria,2023-11-15
741.0,15.0,1.6,Ordinaria,2023-08-13
741.0,23.0,8.1,Extraordinaria,2024-03-10
742.0,23.0,3.5,Ordinaria,2024-06-18
742.0,6.0,9.9,Extraordinaria,2024-11-29
743.0,6.0,7.5,Ordinaria,2023-05-18
743.0,30.0,5.5,Ordinaria,2024-01-30
744.0,15.0,1.0,Ordinaria,2024-05-22
745.0,1.0,1.1,Extraordinaria,2023-05-21
746.0,25.0,1.4,Ordinaria,2024-08-25
746.0,22.0,3.2,Ordinaria,2023-11-24
747.0,6.0,7.2,Extraordinaria,2024-11-01
747.0,25.0,4.0,Extraordinaria,2024-10-11
748.0,11.0,7.6,Ordinaria,2023-09-23
749.0,10.0,5.0,Ordinaria,2024-05-10
749.0,1.0,7.6,Ordinaria,2024-07-07
749.0,6.0,9.3,Ordinaria,2024-01-14
750.0,16.0,2.9,Ordinaria,2024-08-25
750.0,11.0,6.5,Extraordinaria,2023-09-26
751.0,20.0,4.5,Ordinaria,2025-01-09
751.0,26.0,1.3,Extraordinaria,2024-05-09
751.0,22.0,6.0,Extraordinaria,2024-02-15
752.0,3.0,5.9,Extraordinaria,2024-12-04
752.0,27.0,1.5,Extraordinaria,2024-05-03
753.0,2.0,5.7,Extraordinaria,2023-05-22
754.0,17.0,3.6,Ordinaria,2024-07-25
755.0,30.0,0.1,Ordinaria,2024-03-15
755.0,11.0,9.2,Ordinaria,2024-04-29
755.0,8.0,2.4,Ordinaria,2025-01-23
756.0,3.0,7.1,Ordinaria,2023-10-07
756.0,26.0,0.4,Ordinaria,2024-05-30
757.0,18.0,4.4,Ordinaria,2023-08-06
757.0,25.0,8.9,Extraordinaria,2025-03-30
757.0,11.0,0.0,Ordinaria,2024-08-19
758.0,12.0,3.6,Ordinaria,2024-01-15
759.0,12.0,10.0,Extraordinaria,2024-11-21
759.0,5.0,5.2,Ordinaria,2024-04-21
760.0,2.0,1.2,Ordinaria,2023-11-24
760.0,22.0,8.9,Extraordinaria,2000-06-26
761.0,27.0,0.5,Extraordinaria,2023-06-12
761.0,30.0,8.4,Extraordinaria,1998-04-12
762.0,27.0,2.5,Extraordinaria,2024-11-22
762.0,10.0,10.0,Extraordinaria,2025-03-13
763.0,3.0,0.9,Extraordinaria,2023-07-04
763.0,30.0,6.8,Ordinaria,2024-05-23
763.0,13.0,9.3,Extraordinaria,2023-10-26
764.0,26.0,7.6,Extraordinaria,2024-09-17
764.0,16.0,7.5,Extraordinaria,2024-01-14
764.0,14.0,6.1,Extraordinaria,2023-10-01
765.0,19.0,4.0,Extraordinaria,2024-12-19
765.0,3.0,2.8,Ordinaria,2024-01-01
765.0,21.0,3.4,Ordinaria,2025-02-24
766.0,14.0,8.0,Extraordinaria,2024-09-16
766.0,6.0,6.0,Extraordinaria,2023-12-16
766.0,27.0,1.4,Extraordinaria,2024-04-18
767.0,5.0,10.0,Extraordinaria,2024-12-21
767.0,18.0,10.0,Ordinaria,2025-03-02
767.0,14.0,7.1,Extraordinaria,2023-10-15
768.0,29.0,8.4,Ordinaria,2023-11-21
768.0,7.0,5.2,Ordinaria,2024-11-28
768.0,19.0,3.1,Extraordinaria,2023-12-01
769.0,25.0,6.6,Ordinaria,2023-11-09
769.0,3.0,7.3,Extraordinaria,2024-10-09
770.0,19.0,0.0,Extraordinaria,2025-04-14
770.0,16.0,2.2,Extraordinaria,2025-04-06
771.0,23.0,9.4,Extraordinaria,2023-09-19
772.0,12.0,9.7,Ordinaria,2025-03-18
772.0,7.0,8.6,Extraordinaria,2024-02-10
772.0,9.0,3.7,Ordinaria,2025-04-28
773.0,1.0,3.8,Extraordinaria,2024-08-05
773.0,21.0,8.0,Ordinaria,2023-12-08
774.0,6.0,7.5,Extraordinaria,2023-10-25
774.0,27.0,1.7,Ordinaria,2025-02-03
775.0,18.0,9.6,Extraordinaria,2025-05-11
775.0,7.0,9.4,Extraordinaria,2023-12-19
775.0,29.0,6.3,Ordinaria,2025-04-15
776.0,3.0,9.9,Ordinaria,2024-11-10
776.0,10.0,3.1,Ordinaria,2025-04-05
777.0,14.0,8.7,Extraordinaria,2024-08-02
777.0,3.0,8.7,Ordinaria,2023-10-07
777.0,21.0,3.7,Ordinaria,2024-04-13
778.0,5.0,4.0,Extraordinaria,2023-06-08
778.0,4.0,9.9,Ordinaria,2023-09-17
779.0,18.0,0.0,Ordinaria,2023-10-12
779.0,4.0,3.6,Ordinaria,2025-03-08
779.0,9.0,3.5,Ordinaria,2025-01-04
780.0,24.0,2.9,Extraordinaria,2023-11-24
780.0,6.0,4.0,Ordinaria,2025-01-01
780.0,4.0,5.0,Ordinaria,2025-05-10
781.0,27.0,9.9,Extraordinaria,2023-07-08
781.0,16.0,5.6,Ordinaria,2024-12-04
781.0,15.0,2.7,Ordinaria,2024-11-06
782.0,28.0,4.8,Extraordinaria,2023-10-21
782.0,15.0,0.2,Extraordinaria,2023-07-14
782.0,13.0,9.0,Ordinaria,2023-10-30
783.0,27.0,2.6,Ordinaria,2024-06-06
783.0,26.0,0.4,Ordinaria,2023-08-26
784.0,21.0,2.3,Ordinaria,2023-09-10
784.0,15.0,7.7,Extraordinaria,2025-04-11
785.0,13.0,9.0,Ordinaria,2024-12-29
785.0,24.0,7.5,Ordinaria,2024-10-04
786.0,8.0,7.2,Ordinaria,2023-07-17
786.0,15.0,6.6,Extraordinaria,2024-10-15
786.0,25.0,9.1,Extraordinaria,2024-03-04
787.0,29.0,5.2,Ordinaria,2025-04-24
787.0,9.0,6.7,Extraordinaria,2024-08-31
787.0,27.0,0.5,Ordinaria,2023-08-03
788.0,19.0,7.5,Ordinaria,2023-05-22
788.0,4.0,8.0,Ordinaria,2024-12-12
788.0,9.0,2.5,Extraordinaria,2023-08-28
789.0,6.0,4.9,Extraordinaria,2024-03-31
789.0,28.0,4.4,Ordinaria,2025-05-16
789.0,27.0,3.7,Ordinaria,2023-06-11
790.0,5.0,9.1,Extraordinaria,2024-11-08
790.0,12.0,3.3,Extraordinaria,2024-05-13
790.0,16.0,7.9,Extraordinaria,2024-11-10
791.0,24.0,5.3,Ordinaria,2024-11-10
791.0,14.0,1.3,Extraordinaria,2024-09-03
791.0,29.0,1.3,Ordinaria,2024-06-04
792.0,7.0,9.3,Ordinaria,2023-08-17
792.0,15.0,6.3,Extraordinaria,2024-06-09
793.0,15.0,1.0,Ordinaria,2025-01-07
793.0,29.0,8.3,Extraordinaria,2023-06-04
794.0,29.0,0.1,Ordinaria,2024-02-29
794.0,15.0,6.0,Extraordinaria,2023-12-07
794.0,28.0,1.4,Extraordinaria,2024-06-08
795.0,10.0,7.1,Ordinaria,2025-04-28
795.0,9.0,9.0,Extraordinaria,2024-05-01
796.0,13.0,7.4,Extraordinaria,2023-08-08
796.0,21.0,9.1,Ordinaria,2024-10-09
797.0,4.0,7.7,Ordinaria,2024-02-15
797.0,11.0,4.4,Extraordinaria,1997-10-26
797.0,19.0,2.8,Extraordinaria,2023-05-30
798.0,10.0,0.9,Ordinaria,1995-09-25
798.0,12.0,9.2,Ordinaria,2023-10-21
799.0,19.0,7.8,Ordinaria,2025-03-09
799.0,25.0,8.6,Extraordinaria,2023-06-01
800.0,3.0,7.2,Extraordinaria,2024-01-21
800.0,12.0,5.1,Ordinaria,2024-06-13
800.0,4.0,8.0,Extraordinaria,2023-08-27
801.0,25.0,2.8,Ordinaria,2023-07-09
801.0,2.0,0.4,Ordinaria,2024-10-28
801.0,1.0,1.3,Extraordinaria,2024-03-20
802.0,2.0,0.4,Extraordinaria,2023-10-24
802.0,21.0,0.8,Extraordinaria,2023-07-12
802.0,12.0,9.8,Extraordinaria,2024-06-24
803.0,18.0,5.7,Extraordinaria,2024-04-26
803.0,29.0,4.0,Extraordinaria,2025-05-03
804.0,11.0,1.6,Ordinaria,2024-10-31
804.0,2.0,7.6,Ordinaria,2023-06-13
805.0,7.0,0.0,Extraordinaria,2025-03-10
805.0,11.0,9.3,Ordinaria,2024-01-03
805.0,27.0,6.9,Extraordinaria,2023-10-08
806.0,16.0,7.6,Extraordinaria,2024-08-20
806.0,18.0,3.9,Ordinaria,2023-07-27
807.0,20.0,9.9,Extraordinaria,2023-08-26
807.0,14.0,8.1,Ordinaria,2023-12-23
808.0,21.0,8.4,Extraordinaria,2024-11-08
808.0,11.0,3.1,Ordinaria,2024-05-04
808.0,15.0,4.1,Extraordinaria,2024-12-18
809.0,24.0,9.4,Extraordinaria,2023-08-20
809.0,12.0,8.1,Ordinaria,2024-07-08
809.0,22.0,1.2,Ordinaria,2024-11-11
810.0,7.0,3.4,Ordinaria,2023-06-27
811.0,8.0,0.9,Ordinaria,2024-10-16
811.0,29.0,2.5,Ordinaria,2025-05-11
812.0,16.0,2.0,Extraordinaria,2023-12-03
812.0,25.0,4.4,Extraordinaria,2023-06-10
813.0,12.0,0.8,Ordinaria,2024-11-15
813.0,30.0,4.4,Extraordinaria,2023-05-17
813.0,11.0,2.3,Ordinaria,2023-09-01
814.0,1.0,1.8,Extraordinaria,2025-02-09
814.0,26.0,3.0,Extraordinaria,2023-08-29
814.0,18.0,2.7,Ordinaria,2023-12-21
815.0,23.0,0.7,Extraordinaria,2023-06-22
815.0,1.0,5.7,Ordinaria,2024-04-15
815.0,27.0,0.0,Ordinaria,2024-04-02
816.0,10.0,3.6,Ordinaria,2025-02-20
816.0,25.0,6.0,Extraordinaria,2024-01-21
816.0,8.0,5.6,Ordinaria,2024-02-28
817.0,12.0,0.0,Extraordinaria,2025-05-13
817.0,30.0,6.6,Extraordinaria,2023-06-20
818.0,20.0,1.2,Extraordinaria,2025-04-21
819.0,17.0,4.3,Extraordinaria,2024-05-13
819.0,29.0,2.4,Ordinaria,2023-10-11
820.0,26.0,6.1,Ordinaria,2023-08-07
820.0,14.0,0.6,Ordinaria,2024-12-05
820.0,24.0,1.1,Ordinaria,2023-09-13
821.0,15.0,5.0,Extraordinaria,2023-09-18
821.0,16.0,1.4,Ordinaria,2025-01-04
821.0,10.0,4.5,Ordinaria,2024-03-02
822.0,14.0,6.6,Extraordinaria,2023-06-25
822.0,23.0,7.9,Ordinaria,2024-11-06
822.0,19.0,5.1,Extraordinaria,2024-12-08
823.0,22.0,4.4,Extraordinaria,2024-11-15
823.0,2.0,9.9,Ordinaria,2025-02-28
824.0,27.0,6.2,Extraordinaria,2023-08-04
824.0,9.0,5.0,Ordinaria,2024-10-24
824.0,17.0,5.2,Ordinaria,2024-11-03
825.0,15.0,4.2,Ordinaria,2023-09-07
825.0,9.0,9.1,Extraordinaria,2024-03-24
825.0,23.0,1.0,Ordinaria,2025-04-04
826.0,21.0,8.5,Ordinaria,2024-10-10
827.0,21.0,7.5,Ordinaria,1995-11-05
827.0,20.0,9.2,Extraordinaria,2024-05-18
827.0,24.0,1.4,Extraordinaria,2023-06-27
828.0,2.0,2.3,Extraordinaria,2025-04-26
829.0,27.0,4.9,Ordinaria,2024-08-29
829.0,1.0,1.4,Extraordinaria,2024-08-15
829.0,14.0,0.0,Extraordinaria,2025-04-16
830.0,2.0,9.9,Extraordinaria,2023-07-17
830.0,9.0,2.5,Ordinaria,2025-02-24
831.0,21.0,0.6,Ordinaria,2023-12-17
831.0,3.0,8.8,Ordinaria,2024-10-16
831.0,23.0,0.8,Ordinaria,2024-12-21
832.0,24.0,4.6,Ordinaria,2024-08-24
832.0,12.0,10.0,Ordinaria,2023-07-01
832.0,14.0,5.4,Extraordinaria,2023-11-15
833.0,12.0,9.5,Extraordinaria,2023-07-21
833.0,5.0,6.2,Extraordinaria,2024-10-31
833.0,27.0,7.2,Ordinaria,2023-11-15
834.0,26.0,7.6,Ordinaria,2023-11-20
834.0,2.0,0.8,Extraordinaria,2024-04-29
834.0,4.0,6.0,Ordinaria,2024-08-20
835.0,3.0,1.1,Extraordinaria,2024-04-23
835.0,4.0,7.0,Extraordinaria,2024-07-17
836.0,23.0,9.4,Ordinaria,2024-12-25
836.0,14.0,5.5,Ordinaria,2024-10-24
836.0,12.0,3.1,Extraordinaria,2025-04-16
837.0,14.0,4.4,Extraordinaria,2024-09-30
837.0,30.0,9.0,Extraordinaria,2023-07-29
837.0,16.0,5.9,Ordinaria,2024-05-26
838.0,21.0,3.8,Extraordinaria,2025-04-19
838.0,3.0,1.5,Ordinaria,2025-01-23
838.0,7.0,5.8,Extraordinaria,2024-11-09
839.0,27.0,8.6,Ordinaria,2024-10-29
839.0,24.0,1.2,Extraordinaria,2023-10-20
839.0,2.0,2.9,Ordinaria,2023-10-24
840.0,23.0,2.4,Extraordinaria,2025-04-29
840.0,8.0,5.3,Extraordinaria,2023-12-31
841.0,28.0,4.8,Extraordinaria,2024-02-26
841.0,29.0,6.0,Extraordinaria,2024-09-08
842.0,24.0,1.4,Extraordinaria,2024-12-01
842.0,14.0,7.7,Extraordinaria,2024-02-08
843.0,6.0,2.6,Extraordinaria,2024-08-07
843.0,29.0,2.3,Extraordinaria,2023-07-02
843.0,27.0,8.2,Extraordinaria,2023-07-29
844.0,12.0,9.7,Ordinaria,2024-08-31
844.0,10.0,7.9,Extraordinaria,2024-08-10
844.0,1.0,0.0,Extraordinaria,2023-08-31
845.0,7.0,7.5,Ordinaria,2023-06-21
845.0,28.0,1.6,Extraordinaria,2025-04-16
845.0,25.0,3.0,Extraordinaria,2024-12-29
846.0,20.0,8.2,Ordinaria,2025-01-22
846.0,15.0,8.0,Ordinaria,2024-02-15
847.0,28.0,6.2,Ordinaria,2023-06-03
847.0,26.0,3.8,Extraordinaria,2023-12-27
847.0,23.0,6.9,Ordinaria,2024-02-25
848.0,8.0,8.4,Extraordinaria,2025-02-09
848.0,21.0,4.9,Ordinaria,2024-09-17
848.0,24.0,2.9,Extraordinaria,2023-07-24
849.0,28.0,8.2,Extraordinaria,2024-08-14
849.0,24.0,9.2,Ordinaria,2024-10-03
849.0,17.0,1.9,Ordinaria,2023-08-21
850.0,13.0,3.6,Ordinaria,2024-01-17
850.0,28.0,9.1,Ordinaria,2024-11-04
850.0,4.0,5.5,Ordinaria,2024-05-09
851.0,16.0,8.2,Extraordinaria,2024-08-05
851.0,9.0,0.7,Ordinaria,2023-11-27
851.0,4.0,6.3,Ordinaria,2025-02-18
852.0,8.0,4.7,Extraordinaria,2023-07-25
852.0,14.0,3.0,Ordinaria,2025-04-28
853.0,28.0,7.2,Ordinaria,2024-05-14
853.0,16.0,4.4,Extraordinaria,2023-12-09
853.0,30.0,0.6,Ordinaria,2024-11-11
854.0,11.0,5.8,Extraordinaria,2023-08-17
854.0,16.0,4.1,Ordinaria,2024-12-30
854.0,19.0,0.1,Extraordinaria,2023-11-13
855.0,6.0,3.7,Extraordinaria,2025-04-22
855.0,2.0,3.9,Ordinaria,2023-12-12
856.0,5.0,5.4,Ordinaria,2025-03-03
856.0,10.0,9.6,Ordinaria,2024-05-05
856.0,24.0,1.5,Extraordinaria,2024-07-12
857.0,18.0,3.7,Extraordinaria,2024-06-12
857.0,20.0,3.1,Extraordinaria,2024-12-13
858.0,14.0,1.7,Extraordinaria,2023-10-18
858.0,29.0,6.4,Extraordinaria,2023-07-18
859.0,7.0,1.9,Ordinaria,2023-09-24
859.0,24.0,1.3,Ordinaria,2024-10-22
859.0,3.0,6.5,Ordinaria,2023-07-30
860.0,4.0,1.7,Ordinaria,2024-05-09
860.0,29.0,1.7,Ordinaria,2024-08-05
860.0,28.0,4.6,Extraordinaria,2024-07-09
861.0,12.0,7.0,Extraordinaria,2023-10-21
861.0,29.0,4.7,Extraordinaria,2023-12-02
861.0,13.0,8.7,Ordinaria,2023-10-12
862.0,1.0,3.7,Ordinaria,2023-09-17
862.0,27.0,10.0,Ordinaria,2024-12-15
862.0,13.0,2.8,Ordinaria,2024-09-17
863.0,27.0,10.0,Extraordinaria,2024-06-12
863.0,2.0,2.0,Extraordinaria,2024-04-26
864.0,16.0,7.7,Extraordinaria,2000-07-23
864.0,29.0,3.8,Extraordinaria,2024-01-06
864.0,8.0,10.0,Ordinaria,2023-07-02
865.0,28.0,8.2,Ordinaria,2023-05-25
865.0,13.0,9.3,Ordinaria,2023-11-14
866.0,21.0,8.7,Ordinaria,2023-07-09
866.0,28.0,9.1,Ordinaria,2024-05-05
867.0,5.0,7.7,Extraordinaria,2025-02-12
867.0,1.0,1.6,Ordinaria,2024-05-01
868.0,9.0,5.9,Extraordinaria,2024-06-11
868.0,7.0,6.9,Extraordinaria,2023-10-01
869.0,4.0,4.5,Extraordinaria,2023-07-19
869.0,23.0,7.6,Extraordinaria,2024-02-01
870.0,14.0,6.2,Ordinaria,2024-03-05
870.0,13.0,4.2,Extraordinaria,2025-03-22
871.0,20.0,0.3,Extraordinaria,2024-12-03
871.0,22.0,5.4,Extraordinaria,2024-04-02
872.0,10.0,10.0,Extraordinaria,2023-07-04
872.0,16.0,6.0,Ordinaria,2024-02-21
872.0,23.0,0.1,Extraordinaria,2024-01-31
873.0,25.0,2.2,Ordinaria,2024-08-29
873.0,27.0,6.3,Ordinaria,2024-10-17
873.0,5.0,10.0,Extraordinaria,2024-07-17
874.0,27.0,4.7,Extraordinaria,2024-03-23
874.0,20.0,7.0,Extraordinaria,2024-06-08
874.0,30.0,1.4,Extraordinaria,2023-10-08
875.0,19.0,8.3,Ordinaria,2023-11-09
875.0,24.0,6.7,Extraordinaria,2025-04-29
875.0,14.0,6.4,Ordinaria,2024-08-08
876.0,30.0,2.7,Ordinaria,2025-05-04
876.0,1.0,0.9,Ordinaria,2025-03-08
877.0,15.0,3.7,Extraordinaria,2024-08-30
877.0,3.0,5.0,Extraordinaria,2024-09-19
878.0,12.0,8.5,Extraordinaria,2024-12-01
878.0,11.0,7.5,Extraordinaria,2024-05-06
879.0,21.0,7.0,Extraordinaria,2024-05-04
879.0,13.0,1.3,Extraordinaria,2024-01-12
879.0,5.0,6.1,Ordinaria,2023-06-01
880.0,11.0,2.8,Ordinaria,2003-10-30
880.0,1.0,0.7,Ordinaria,2023-07-20
880.0,9.0,1.1,Extraordinaria,2023-07-13
881.0,13.0,7.7,Extraordinaria,2023-06-12
881.0,10.0,7.4,Ordinaria,2023-11-21
881.0,12.0,9.4,Ordinaria,2004-05-21
882.0,8.0,7.0,Ordinaria,2023-09-03
882.0,6.0,10.0,Extraordinaria,2025-03-02
882.0,9.0,4.0,Ordinaria,2023-09-19
883.0,10.0,1.5,Extraordinaria,2023-07-16
883.0,22.0,4.7,Extraordinaria,2025-03-19
884.0,4.0,3.1,Ordinaria,2025-03-20
884.0,25.0,1.2,Ordinaria,2023-09-07
885.0,26.0,7.7,Extraordinaria,2024-12-03
885.0,16.0,6.2,Extraordinaria,2024-03-08
886.0,11.0,5.6,Ordinaria,2023-06-30
886.0,30.0,8.1,Extraordinaria,2025-01-15
886.0,16.0,6.3,Extraordinaria,2025-04-23
887.0,3.0,8.6,Extraordinaria,2024-12-08
887.0,27.0,5.3,Extraordinaria,2023-07-14
887.0,18.0,3.3,Extraordinaria,2024-06-25
888.0,27.0,9.9,Extraordinaria,2023-12-04
888.0,14.0,3.9,Extraordinaria,2001-04-15
888.0,9.0,3.8,Ordinaria,2024-08-02
889.0,7.0,4.4,Extraordinaria,2024-06-11
889.0,19.0,6.0,Ordinaria,2024-07-09
889.0,23.0,3.4,Extraordinaria,2024-05-19
890.0,4.0,2.8,Ordinaria,2024-04-30
891.0,19.0,8.3,Ordinaria,2024-11-11
891.0,8.0,4.2,Extraordinaria,2023-07-22
892.0,3.0,8.4,Ordinaria,2025-03-01
892.0,5.0,4.5,Extraordinaria,2024-01-08
892.0,25.0,9.2,Extraordinaria,2023-09-18
893.0,16.0,6.5,Extraordinaria,2023-10-20
893.0,14.0,6.6,Extraordinaria,2024-03-17
893.0,27.0,7.2,Ordinaria,2025-03-16
894.0,22.0,3.3,Extraordinaria,2025-02-06
894.0,5.0,5.5,Extraordinaria,2024-05-28
894.0,7.0,1.5,Ordinaria,2023-08-23
895.0,5.0,1.8,Extraordinaria,2023-10-22
895.0,26.0,9.5,Extraordinaria,2023-05-26
895.0,4.0,5.4,Extraordinaria,2023-08-18
896.0,24.0,5.1,Ordinaria,2023-11-05
896.0,20.0,1.0,Ordinaria,2005-01-02
896.0,17.0,1.2,Ordinaria,2005-01-31
897.0,23.0,9.0,Ordinaria,2024-06-09
897.0,13.0,0.4,Extraordinaria,2025-04-29
897.0,30.0,0.8,Ordinaria,2025-04-29
898.0,20.0,5.7,Ordinaria,2024-12-12
898.0,19.0,0.7,Extraordinaria,2024-03-11
899.0,4.0,0.2,Extraordinaria,2024-11-21
899.0,22.0,6.5,Ordinaria,2024-03-19
900.0,7.0,0.8,Extraordinaria,2025-04-28
901.0,1.0,6.4,Ordinaria,2023-09-10
901.0,12.0,3.0,Extraordinaria,2024-03-24
901.0,3.0,2.4,Extraordinaria,2024-09-20
902.0,12.0,3.9,Extraordinaria,2023-05-24
903.0,8.0,4.4,Extraordinaria,2023-10-09
903.0,18.0,5.6,Ordinaria,2023-06-15
903.0,14.0,7.7,Extraordinaria,2024-02-07
904.0,25.0,7.1,Extraordinaria,2023-07-01
904.0,2.0,0.6,Extraordinaria,2023-11-19
905.0,20.0,0.5,Ordinaria,2025-02-03
906.0,5.0,0.1,Ordinaria,2024-09-29
906.0,9.0,8.6,Ordinaria,2024-10-09
906.0,14.0,5.3,Extraordinaria,2023-06-09
907.0,23.0,7.1,Extraordinaria,2025-05-04
907.0,8.0,0.9,Ordinaria,2025-05-08
907.0,25.0,3.4,Extraordinaria,2023-09-12
908.0,10.0,3.8,Extraordinaria,2023-10-31
908.0,16.0,5.9,Ordinaria,2023-09-13
909.0,5.0,2.9,Extraordinaria,2025-01-03
909.0,9.0,9.1,Extraordinaria,2024-05-22
909.0,28.0,0.0,Ordinaria,2025-04-14
910.0,9.0,2.8,Ordinaria,2024-02-27
910.0,8.0,6.4,Ordinaria,2024-08-29
911.0,30.0,8.5,Ordinaria,2023-06-20
911.0,11.0,0.8,Extraordinaria,2024-10-07
911.0,3.0,7.2,Extraordinaria,2023-12-18
912.0,17.0,1.8,Ordinaria,2023-09-21
912.0,30.0,2.5,Ordinaria,2023-10-24
913.0,8.0,2.3,Ordinaria,2024-06-22
913.0,24.0,7.6,Ordinaria,2025-03-15
914.0,5.0,3.4,Extraordinaria,2023-09-08
914.0,14.0,0.0,Extraordinaria,2024-07-16
914.0,3.0,2.6,Extraordinaria,2024-09-26
915.0,26.0,0.8,Extraordinaria,2024-12-18
915.0,10.0,6.3,Ordinaria,2024-02-04
916.0,18.0,0.9,Extraordinaria,2024-11-08
916.0,5.0,1.1,Extraordinaria,2023-06-11
917.0,9.0,4.3,Extraordinaria,2023-12-12
917.0,28.0,2.2,Ordinaria,2023-09-23
918.0,14.0,5.5,Extraordinaria,2024-02-21
918.0,1.0,10.0,Extraordinaria,2024-12-19
918.0,6.0,2.0,Extraordinaria,2024-04-06
919.0,14.0,1.6,Ordinaria,2024-03-13
919.0,16.0,7.5,Ordinaria,2024-10-11
920.0,14.0,8.0,Extraordinaria,2025-04-27
920.0,5.0,2.5,Ordinaria,2023-10-06
921.0,18.0,3.1,Extraordinaria,2024-07-12
921.0,9.0,6.8,Ordinaria,2024-03-17
922.0,6.0,7.4,Extraordinaria,2023-06-19
922.0,11.0,4.8,Ordinaria,2024-10-08
922.0,4.0,9.8,Extraordinaria,2023-07-29
923.0,29.0,9.5,Ordinaria,2025-03-10
923.0,17.0,3.8,Extraordinaria,2023-11-20
923.0,9.0,6.2,Extraordinaria,2023-11-06
924.0,24.0,6.2,Extraordinaria,2023-12-04
924.0,11.0,0.4,Ordinaria,2024-10-28
924.0,26.0,9.2,Ordinaria,2023-06-14
925.0,3.0,2.6,Ordinaria,2023-06-22
925.0,21.0,7.0,Extraordinaria,2023-12-06
925.0,17.0,10.0,Ordinaria,2025-01-23
926.0,5.0,4.3,Ordinaria,2024-06-19
926.0,9.0,10.0,Extraordinaria,2025-03-16
926.0,11.0,0.9,Extraordinaria,2024-04-30
927.0,8.0,6.5,Ordinaria,2023-10-29
927.0,4.0,7.4,Extraordinaria,1999-06-11
927.0,7.0,10.0,Ordinaria,2023-09-29
928.0,10.0,4.6,Extraordinaria,2001-01-26
928.0,13.0,9.4,Ordinaria,2024-06-28
929.0,20.0,5.6,Extraordinaria,2024-03-10
929.0,23.0,5.6,Ordinaria,2024-09-25
929.0,22.0,7.8,Extraordinaria,2023-08-15
930.0,14.0,1.1,Extraordinaria,2024-10-25
931.0,4.0,3.7,Ordinaria,2023-09-25
931.0,8.0,10.0,Ordinaria,2024-09-30
931.0,21.0,0.7,Ordinaria,2024-10-14
932.0,29.0,5.1,Ordinaria,2024-11-11
932.0,10.0,4.8,Ordinaria,2024-12-09
932.0,22.0,7.4,Extraordinaria,2025-02-28
933.0,12.0,7.5,Ordinaria,2024-03-08
934.0,4.0,1.3,Extraordinaria,2023-10-03
934.0,25.0,3.8,Extraordinaria,2025-02-19
934.0,11.0,7.6,Ordinaria,2025-02-19
935.0,1.0,4.1,Ordinaria,2024-07-04
935.0,27.0,9.1,Extraordinaria,2025-04-11
935.0,10.0,2.9,Ordinaria,2024-05-01
936.0,29.0,0.6,Extraordinaria,2023-09-08
936.0,14.0,4.0,Ordinaria,2023-07-06
937.0,18.0,3.5,Extraordinaria,2025-01-18
937.0,28.0,2.7,Extraordinaria,2025-01-06
937.0,16.0,3.6,Ordinaria,2024-05-24
938.0,4.0,4.9,Ordinaria,2024-08-31
938.0,19.0,9.0,Ordinaria,2024-04-15
938.0,27.0,2.7,Extraordinaria,2024-10-04
939.0,19.0,7.4,Extraordinaria,2024-10-01
939.0,14.0,0.3,Extraordinaria,2023-09-10
939.0,26.0,3.3,Ordinaria,2024-01-25
940.0,9.0,6.9,Ordinaria,2024-06-27
940.0,1.0,9.5,Ordinaria,2025-01-07
940.0,7.0,3.5,Ordinaria,2024-01-21
941.0,23.0,8.4,Ordinaria,2024-05-20
941.0,11.0,9.8,Extraordinaria,2023-07-24
941.0,30.0,4.1,Extraordinaria,2023-07-19
942.0,21.0,4.3,Ordinaria,2024-12-25
942.0,10.0,7.2,Ordinaria,2025-03-09
942.0,17.0,7.5,Extraordinaria,2025-04-28
943.0,17.0,1.4,Extraordinaria,2024-08-03
943.0,16.0,3.2,Ordinaria,2023-11-07
944.0,27.0,0.6,Extraordinaria,2024-03-08
944.0,29.0,6.8,Extraordinaria,2025-04-17
944.0,26.0,7.0,Ordinaria,2024-11-28
945.0,8.0,0.6,Extraordinaria,2023-08-28
945.0,16.0,2.8,Extraordinaria,2025-05-13
945.0,23.0,0.9,Ordinaria,2024-05-29
946.0,8.0,2.0,Ordinaria,2023-08-01
946.0,6.0,0.4,Ordinaria,2025-01-02
946.0,1.0,5.6,Extraordinaria,2023-10-06
947.0,6.0,10.0,Ordinaria,2025-02-25
947.0,9.0,0.0,Extraordinaria,2024-02-21
947.0,29.0,3.3,Ordinaria,2024-10-07
948.0,4.0,0.3,Extraordinaria,2024-06-09
948.0,19.0,3.0,Ordinaria,2024-02-26
948.0,14.0,7.3,Ordinaria,2025-01-11
949.0,1.0,6.9,Extraordinaria,2000-02-24
949.0,9.0,8.0,Extraordinaria,2023-08-17
950.0,11.0,7.1,Extraordinaria,2025-01-10
950.0,30.0,9.7,Ordinaria,2024-09-01
950.0,19.0,5.5,Extraordinaria,2023-11-11
951.0,24.0,1.2,Ordinaria,2025-05-07
951.0,26.0,9.2,Extraordinaria,2025-04-14
952.0,11.0,5.2,Ordinaria,2024-08-09
952.0,17.0,2.5,Extraordinaria,2023-11-17
953.0,1.0,4.7,Extraordinaria,2023-12-13
953.0,18.0,5.4,Extraordinaria,2024-11-21
953.0,11.0,4.9,Ordinaria,2024-02-12
954.0,16.0,7.6,Extraordinaria,2025-02-07
954.0,15.0,5.6,Ordinaria,2023-10-12
954.0,26.0,1.7,Ordinaria,2024-07-19
955.0,19.0,3.6,Ordinaria,1996-02-02
955.0,9.0,8.0,Ordinaria,2023-08-18
956.0,8.0,5.1,Extraordinaria,2025-01-07
956.0,3.0,9.8,Ordinaria,2003-08-23
956.0,18.0,1.1,Extraordinaria,2023-05-27
957.0,20.0,5.8,Extraordinaria,2024-09-11
957.0,25.0,0.0,Extraordinaria,2024-04-16
957.0,30.0,6.6,Ordinaria,2023-10-11
958.0,23.0,4.8,Ordinaria,2024-02-18
958.0,14.0,8.0,Ordinaria,2024-09-21
959.0,2.0,3.1,Extraordinaria,2024-10-24
959.0,4.0,1.0,Extraordinaria,2002-05-11
959.0,23.0,8.7,Ordinaria,2024-03-03
960.0,7.0,2.0,Extraordinaria,2023-08-12
960.0,11.0,8.4,Ordinaria,2023-10-14
960.0,24.0,8.2,Ordinaria,2024-05-24
961.0,8.0,8.1,Ordinaria,2025-02-11
961.0,28.0,6.8,Ordinaria,2023-12-26
961.0,12.0,1.8,Ordinaria,2024-12-01
962.0,16.0,2.0,Extraordinaria,2024-10-29
962.0,13.0,4.1,Ordinaria,2024-10-31
963.0,23.0,9.9,Ordinaria,2023-06-17
963.0,4.0,8.7,Ordinaria,2025-04-20
964.0,15.0,5.0,Ordinaria,2025-05-13
965.0,16.0,8.4,Ordinaria,2024-03-09
965.0,18.0,0.2,Extraordinaria,2023-05-22
966.0,14.0,4.6,Ordinaria,2024-01-10
966.0,24.0,5.9,Ordinaria,2023-09-25
966.0,20.0,7.4,Ordinaria,2023-06-17
967.0,22.0,6.1,Ordinaria,2023-09-02
967.0,2.0,3.3,Extraordinaria,2023-05-28
968.0,2.0,6.9,Ordinaria,2024-02-28
968.0,5.0,10.0,Extraordinaria,2023-12-20
968.0,25.0,0.2,Ordinaria,2023-08-06
969.0,3.0,9.2,Ordinaria,2024-07-03
969.0,22.0,3.1,Extraordinaria,2023-09-03
969.0,17.0,7.5,Extraordinaria,2023-10-04
970.0,5.0,4.0,Extraordinaria,2024-05-04
970.0,1.0,5.9,Ordinaria,2023-05-17
970.0,24.0,0.1,Ordinaria,2024-11-13
971.0,9.0,3.4,Ordinaria,2025-03-15
971.0,19.0,5.4,Extraordinaria,2023-10-30
971.0,17.0,0.5,Ordinaria,2023-07-06
972.0,22.0,6.5,Extraordinaria,2024-02-07
972.0,15.0,4.9,Ordinaria,2024-10-25
972.0,28.0,7.9,Extraordinaria,2023-08-07
973.0,19.0,8.6,Extraordinaria,2023-10-15
973.0,13.0,1.0,Ordinaria,2023-09-04
974.0,23.0,2.1,Extraordinaria,2024-05-25
974.0,9.0,6.7,Ordinaria,2024-10-14
975.0,19.0,6.0,Extraordinaria,1997-05-21
975.0,3.0,6.3,Ordinaria,2025-02-16
975.0,14.0,7.7,Ordinaria,2024-02-11
976.0,26.0,0.4,Extraordinaria,2024-06-13
976.0,30.0,2.5,Extraordinaria,2025-04-04
976.0,11.0,4.2,Ordinaria,2024-01-19
977.0,30.0,7.5,Ordinaria,2025-04-08
977.0,10.0,2.5,Ordinaria,2023-10-26
978.0,1.0,0.6,Extraordinaria,2024-01-20
978.0,9.0,0.6,Extraordinaria,2025-05-06
978.0,6.0,5.7,Ordinaria,2025-03-05
979.0,3.0,6.9,Extraordinaria,2024-07-02
979.0,8.0,3.6,Ordinaria,2024-11-29
980.0,16.0,3.6,Ordinaria,2024-07-21
980.0,8.0,10.0,Ordinaria,2023-12-13
980.0,18.0,2.7,Ordinaria,2024-10-03
981.0,25.0,3.3,Extraordinaria,2025-02-25
981.0,13.0,2.6,Extraordinaria,2023-09-20
981.0,9.0,8.1,Extraordinaria,2023-05-20
982.0,6.0,2.0,Extraordinaria,2024-05-27
982.0,10.0,2.2,Extraordinaria,2024-04-10
982.0,29.0,6.2,Extraordinaria,2024-07-19
983.0,12.0,1.2,Extraordinaria,2024-09-27
983.0,19.0,3.7,Ordinaria,2024-08-27
983.0,23.0,0.9,Ordinaria,2023-12-09
984.0,14.0,5.8,Ordinaria,2025-02-28
984.0,3.0,9.4,Extraordinaria,2023-09-01
985.0,20.0,4.1,Extraordinaria,2024-11-06
985.0,9.0,7.9,Ordinaria,2024-10-30
985.0,16.0,9.3,Extraordinaria,2023-09-23
986.0,2.0,9.4,Ordinaria,2023-12-30
986.0,3.0,9.8,Ordinaria,2025-05-12
986.0,17.0,9.7,Extraordinaria,2025-02-12
987.0,30.0,7.2,Extraordinaria,2024-09-14
987.0,6.0,8.3,Extraordinaria,2023-10-11
987.0,4.0,6.8,Extraordinaria,2023-12-20
988.0,9.0,4.5,Extraordinaria,2025-05-11
989.0,12.0,6.5,Ordinaria,2023-10-15
989.0,26.0,5.8,Extraordinaria,2024-09-10
990.0,13.0,9.8,Extraordinaria,2023-12-15
990.0,22.0,6.9,Extraordinaria,2024-05-02
990.0,26.0,2.1,Ordinaria,2003-10-02
991.0,10.0,9.6,Ordinaria,2024-08-27
991.0,18.0,4.0,Ordinaria,2023-10-07
991.0,13.0,5.1,Extraordinaria,2024-02-16
992.0,5.0,3.1,Ordinaria,2024-08-25
992.0,10.0,9.4,Extraordinaria,2025-01-03
993.0,22.0,7.2,Ordinaria,2024-03-09
993.0,10.0,6.7,Ordinaria,2023-11-17
993.0,12.0,0.6,Extraordinaria,1998-08-14
994.0,6.0,6.7,Ordinaria,2023-11-26
994.0,7.0,7.4,Extraordinaria,2025-03-18
994.0,9.0,4.2,Ordinaria,2025-01-10
995.0,4.0,6.1,Ordinaria,2002-04-20
996.0,3.0,7.9,Extraordinaria,2025-02-24
996.0,7.0,4.0,Ordinaria,2024-05-16
997.0,3.0,6.4,Ordinaria,2025-05-14
997.0,8.0,8.7,Extraordinaria,2023-10-23
997.0,25.0,4.2,Ordinaria,2023-11-16
998.0,24.0,9.2,Extraordinaria,2024-04-17
998.0,7.0,6.8,Ordinaria,2023-05-27
998.0,28.0,0.1,Ordinaria,2024-01-30
999.0,21.0,1.3,Ordinaria,2023-07-04
999.0,15.0,1.7,Ordinaria,2002-07-11
999.0,10.0,5.6,Ordinaria,2025-01-17
1000.0,7.0,4.6,Extraordinaria,2025-03-19
1000.0,6.0,7.0,Ordinaria,2025-04-03
